sample_index,file_name,frame_index,energy,state,transition,prediction_triggered
0,cover_drive_average_01.mov,0,0.07878150170498184,idle,,False
0,cover_drive_average_01.mov,1,0.1412819219584448,idle,,False
0,cover_drive_average_01.mov,2,0.17465207065052352,idle,,False
0,cover_drive_average_01.mov,3,0.20556144180998118,idle,,False
0,cover_drive_average_01.mov,4,0.20514455830293465,idle,,False
0,cover_drive_average_01.mov,5,0.21170711408405427,idle,,False
0,cover_drive_average_01.mov,6,0.16574689815419288,idle,,False
0,cover_drive_average_01.mov,7,0.24550723219074203,idle,,False
0,cover_drive_average_01.mov,8,0.271179503782712,idle,,False
0,cover_drive_average_01.mov,9,0.3558350332676039,preparation,idle_to_preparation,False
0,cover_drive_average_01.mov,10,0.4143240461392955,backswing,preparation_to_backswing,False
0,cover_drive_average_01.mov,11,0.43178311746035436,swing,backswing_to_swing,False
0,cover_drive_average_01.mov,12,0.3456958157703396,swing,,False
0,cover_drive_average_01.mov,13,0.42765907188738245,swing,,False
0,cover_drive_average_01.mov,14,0.3643676531073971,swing,,False
0,cover_drive_average_01.mov,15,0.32764078084384013,swing,,False
0,cover_drive_average_01.mov,16,0.3253387464569098,swing,,False
0,cover_drive_average_01.mov,17,0.43616918218310063,swing,,False
0,cover_drive_average_01.mov,18,0.4435228935863457,swing,,False
0,cover_drive_average_01.mov,19,0.4520356253528007,swing,,False
0,cover_drive_average_01.mov,20,0.5918165772540596,swing,,False
0,cover_drive_average_01.mov,21,0.7297462105961723,swing,,False
0,cover_drive_average_01.mov,22,0.7646865917227765,swing,,False
0,cover_drive_average_01.mov,23,0.81793667754266,swing,,False
0,cover_drive_average_01.mov,24,0.899386055196655,swing,,False
0,cover_drive_average_01.mov,25,0.8078172866820424,swing,,False
0,cover_drive_average_01.mov,26,0.8381904120821997,swing,,False
0,cover_drive_average_01.mov,27,0.8653764141907916,swing,,False
0,cover_drive_average_01.mov,28,0.7740002121538687,swing,,False
0,cover_drive_average_01.mov,29,0.6587490249374068,swing,,False
0,cover_drive_average_01.mov,30,0.6828828055519135,swing,,False
0,cover_drive_average_01.mov,31,0.5435070883719983,swing,,False
0,cover_drive_average_01.mov,32,0.38482543556282867,swing,,False
0,cover_drive_average_01.mov,33,0.3779942636349746,swing,,False
0,cover_drive_average_01.mov,34,0.39769550756737687,swing,,False
0,cover_drive_average_01.mov,35,0.4433883187219997,swing,,False
0,cover_drive_average_01.mov,36,0.5409553864788063,swing,,False
0,cover_drive_average_01.mov,37,0.5763531677290549,swing,,False
0,cover_drive_average_01.mov,38,0.6444442120086294,swing,,False
0,cover_drive_average_01.mov,39,0.740306325947868,swing,,False
0,cover_drive_average_01.mov,40,0.6625408040956087,swing,,False
0,cover_drive_average_01.mov,41,0.5640403042713141,swing,,False
0,cover_drive_average_01.mov,42,0.5421007791399325,swing,,False
0,cover_drive_average_01.mov,43,0.45386596904394033,swing,,False
0,cover_drive_average_01.mov,44,0.3958155406580144,swing,,False
0,cover_drive_average_01.mov,45,0.4033119880228845,swing,,False
0,cover_drive_average_01.mov,46,0.40064034167147045,swing,,False
0,cover_drive_average_01.mov,47,0.4712572992171443,swing,,False
0,cover_drive_average_01.mov,48,0.48371156459883463,swing,,False
0,cover_drive_average_01.mov,49,0.4502881290424,swing,,False
0,cover_drive_average_01.mov,50,0.38765378230158304,swing,,False
0,cover_drive_average_01.mov,51,0.37173087658064563,swing,,False
0,cover_drive_average_01.mov,52,0.32552269356622004,swing,,False
0,cover_drive_average_01.mov,53,0.28112485640055507,swing,,False
0,cover_drive_average_01.mov,54,0.2938247523923466,swing,,False
0,cover_drive_average_01.mov,55,0.30302933902605056,swing,,False
0,cover_drive_average_01.mov,56,0.31803038072229683,swing,,False
0,cover_drive_average_01.mov,57,0.271020258572875,swing,,False
0,cover_drive_average_01.mov,58,0.2543415297379687,swing,,False
0,cover_drive_average_01.mov,59,0.20718209611107757,swing,,False
0,cover_drive_average_01.mov,59,0.20718209611107757,completed,sequence_end_to_completed,True
1,cover_drive_average_02.mov,0,0.1262083102788076,idle,,False
1,cover_drive_average_02.mov,1,0.13837632563275004,idle,,False
1,cover_drive_average_02.mov,2,0.17010164158941482,idle,,False
1,cover_drive_average_02.mov,3,0.18837281163376374,idle,,False
1,cover_drive_average_02.mov,4,0.172839723965576,idle,,False
1,cover_drive_average_02.mov,5,0.14105688367452396,idle,,False
1,cover_drive_average_02.mov,6,0.20167628357436618,idle,,False
1,cover_drive_average_02.mov,7,0.2048586819637732,idle,,False
1,cover_drive_average_02.mov,8,0.31857347298362154,preparation,idle_to_preparation,False
1,cover_drive_average_02.mov,9,0.3598420935868435,backswing,preparation_to_backswing,False
1,cover_drive_average_02.mov,10,0.4524150275917722,swing,backswing_to_swing,False
1,cover_drive_average_02.mov,11,0.44296379426846044,swing,,False
1,cover_drive_average_02.mov,12,0.5514756227641067,swing,,False
1,cover_drive_average_02.mov,13,0.44710569304517433,swing,,False
1,cover_drive_average_02.mov,14,0.48644735370975833,swing,,False
1,cover_drive_average_02.mov,15,0.4041404045626891,swing,,False
1,cover_drive_average_02.mov,16,0.45257116378113504,swing,,False
1,cover_drive_average_02.mov,17,0.4511886977883532,swing,,False
1,cover_drive_average_02.mov,18,0.6235726664430883,swing,,False
1,cover_drive_average_02.mov,19,0.5938952632308765,swing,,False
1,cover_drive_average_02.mov,20,0.7500972976875164,swing,,False
1,cover_drive_average_02.mov,21,0.7890603952296584,swing,,False
1,cover_drive_average_02.mov,22,0.8470233183807223,swing,,False
1,cover_drive_average_02.mov,23,0.7565186404015698,swing,,False
1,cover_drive_average_02.mov,24,0.7225271860535921,swing,,False
1,cover_drive_average_02.mov,25,0.6376233591042078,swing,,False
1,cover_drive_average_02.mov,26,0.5711732896048628,swing,,False
1,cover_drive_average_02.mov,27,0.45274903261840055,swing,,False
1,cover_drive_average_02.mov,28,0.4363856482802071,swing,,False
1,cover_drive_average_02.mov,29,0.44497133945474143,swing,,False
1,cover_drive_average_02.mov,30,0.3637565114590954,swing,,False
1,cover_drive_average_02.mov,31,0.4032860608072829,swing,,False
1,cover_drive_average_02.mov,32,0.341234523537994,swing,,False
1,cover_drive_average_02.mov,33,0.319133176280354,swing,,False
1,cover_drive_average_02.mov,34,0.3000081393871034,swing,,False
1,cover_drive_average_02.mov,35,0.33080388951614137,swing,,False
1,cover_drive_average_02.mov,36,0.3101490129056432,swing,,False
1,cover_drive_average_02.mov,37,0.37105634599141935,swing,,False
1,cover_drive_average_02.mov,38,0.4693460833840279,swing,,False
1,cover_drive_average_02.mov,39,0.4814817957883562,swing,,False
1,cover_drive_average_02.mov,40,0.48262737032677855,swing,,False
1,cover_drive_average_02.mov,41,0.4361294136089593,swing,,False
1,cover_drive_average_02.mov,42,0.39101278743967144,swing,,False
1,cover_drive_average_02.mov,43,0.2976646505030292,swing,,False
1,cover_drive_average_02.mov,44,0.33923146181028485,swing,,False
1,cover_drive_average_02.mov,45,0.3336536629100148,swing,,False
1,cover_drive_average_02.mov,46,0.3339736359223526,swing,,False
1,cover_drive_average_02.mov,47,0.37804324086788926,swing,,False
1,cover_drive_average_02.mov,48,0.40869663413166785,swing,,False
1,cover_drive_average_02.mov,49,0.411085517476631,swing,,False
1,cover_drive_average_02.mov,50,0.46398601525968985,swing,,False
1,cover_drive_average_02.mov,51,0.5036258238361487,swing,,False
1,cover_drive_average_02.mov,52,0.6239222867943733,swing,,False
1,cover_drive_average_02.mov,53,0.7114075650108158,swing,,False
1,cover_drive_average_02.mov,54,0.6393777272400271,swing,,False
1,cover_drive_average_02.mov,55,0.6626525116126575,swing,,False
1,cover_drive_average_02.mov,56,0.6488672671433647,swing,,False
1,cover_drive_average_02.mov,57,0.4833994978808585,swing,,False
1,cover_drive_average_02.mov,58,0.3235018468216495,swing,,False
1,cover_drive_average_02.mov,59,0.32189100921491576,swing,,False
1,cover_drive_average_02.mov,59,0.32189100921491576,completed,sequence_end_to_completed,True
2,cover_drive_average_03.mov,0,0.015572952110795036,idle,,False
2,cover_drive_average_03.mov,1,0.022345508476982363,idle,,False
2,cover_drive_average_03.mov,2,0.0290007690765518,idle,,False
2,cover_drive_average_03.mov,3,0.03630945953718164,idle,,False
2,cover_drive_average_03.mov,4,0.02925285576469072,idle,,False
2,cover_drive_average_03.mov,5,0.03298653392689702,idle,,False
2,cover_drive_average_03.mov,6,0.03277963853147144,idle,,False
2,cover_drive_average_03.mov,7,0.032777783213409295,idle,,False
2,cover_drive_average_03.mov,8,0.028687463169614933,idle,,False
2,cover_drive_average_03.mov,9,0.02632955311351973,idle,,False
2,cover_drive_average_03.mov,10,0.025989568510741936,idle,,False
2,cover_drive_average_03.mov,11,0.026376401159373106,idle,,False
2,cover_drive_average_03.mov,12,0.024637225301040764,idle,,False
2,cover_drive_average_03.mov,13,0.03444885163478831,idle,,False
2,cover_drive_average_03.mov,14,0.03641195016460291,idle,,False
2,cover_drive_average_03.mov,15,0.0500081764261119,idle,,False
2,cover_drive_average_03.mov,16,0.06059704388528909,idle,,False
2,cover_drive_average_03.mov,17,0.12101937308664812,idle,,False
2,cover_drive_average_03.mov,18,0.13090746982947926,idle,,False
2,cover_drive_average_03.mov,19,0.15345192154595497,idle,,False
2,cover_drive_average_03.mov,20,0.18222360458879874,idle,,False
2,cover_drive_average_03.mov,21,0.19503901729514944,idle,,False
2,cover_drive_average_03.mov,22,0.20074483761891088,idle,,False
2,cover_drive_average_03.mov,23,0.21659062056905162,idle,,False
2,cover_drive_average_03.mov,24,0.2422730235491556,idle,,False
2,cover_drive_average_03.mov,25,0.35792055926189137,preparation,idle_to_preparation,False
2,cover_drive_average_03.mov,26,0.5071773355310986,backswing,preparation_to_backswing,False
2,cover_drive_average_03.mov,27,0.6361349565828032,swing,backswing_to_swing,False
2,cover_drive_average_03.mov,28,0.7569300730290112,swing,,False
2,cover_drive_average_03.mov,29,0.9027940427040226,swing,,False
2,cover_drive_average_03.mov,30,0.9391725429438909,swing,,False
2,cover_drive_average_03.mov,31,0.7920003148393343,swing,,False
2,cover_drive_average_03.mov,32,0.6503871300612359,swing,,False
2,cover_drive_average_03.mov,33,0.50217462587718,swing,,False
2,cover_drive_average_03.mov,34,0.3487018310256866,swing,,False
2,cover_drive_average_03.mov,35,0.17298999878214752,follow_through,swing_to_follow_through,False
2,cover_drive_average_03.mov,36,0.18726653147891234,follow_through,,False
2,cover_drive_average_03.mov,37,0.15137702500160963,follow_through,,False
2,cover_drive_average_03.mov,38,0.17093195141370457,follow_through,,False
2,cover_drive_average_03.mov,39,0.14747076865682118,follow_through,,False
2,cover_drive_average_03.mov,40,0.13852688338320196,follow_through,,False
2,cover_drive_average_03.mov,41,0.12283329621016154,follow_through,,False
2,cover_drive_average_03.mov,42,0.12833422027802938,follow_through,,False
2,cover_drive_average_03.mov,43,0.16562213201022757,follow_through,,False
2,cover_drive_average_03.mov,44,0.25380050194840104,follow_through,,False
2,cover_drive_average_03.mov,45,0.3264203793375241,follow_through,,False
2,cover_drive_average_03.mov,46,0.37529551326125776,follow_through,,False
2,cover_drive_average_03.mov,47,0.5111485323725341,follow_through,,False
2,cover_drive_average_03.mov,48,0.5333519571353177,follow_through,,False
2,cover_drive_average_03.mov,49,0.6195248396085886,follow_through,,False
2,cover_drive_average_03.mov,50,0.5868098467264525,follow_through,,False
2,cover_drive_average_03.mov,51,0.5942636293634612,follow_through,,False
2,cover_drive_average_03.mov,52,0.4484332225549994,follow_through,,False
2,cover_drive_average_03.mov,53,0.44064849899249237,follow_through,,False
2,cover_drive_average_03.mov,54,0.2740674694643042,follow_through,,False
2,cover_drive_average_03.mov,55,0.2437322542806967,follow_through,,False
2,cover_drive_average_03.mov,56,0.21005441918001683,follow_through,,False
2,cover_drive_average_03.mov,57,0.23588024293946208,follow_through,,False
2,cover_drive_average_03.mov,58,0.19711888376391196,follow_through,,False
2,cover_drive_average_03.mov,59,0.21012930736375907,follow_through,,False
2,cover_drive_average_03.mov,59,0.21012930736375907,completed,sequence_end_to_completed,True
3,cover_drive_average_04.mov,0,0.017463448629301104,idle,,False
3,cover_drive_average_04.mov,1,0.02380403381065219,idle,,False
3,cover_drive_average_04.mov,2,0.028848434232326477,idle,,False
3,cover_drive_average_04.mov,3,0.045086997098293835,idle,,False
3,cover_drive_average_04.mov,4,0.0681647496959885,idle,,False
3,cover_drive_average_04.mov,5,0.07738468443737978,idle,,False
3,cover_drive_average_04.mov,6,0.09129130303989305,idle,,False
3,cover_drive_average_04.mov,7,0.09621491539282184,idle,,False
3,cover_drive_average_04.mov,8,0.0870518398669317,idle,,False
3,cover_drive_average_04.mov,9,0.06500361010794786,idle,,False
3,cover_drive_average_04.mov,10,0.06625780663857461,idle,,False
3,cover_drive_average_04.mov,11,0.09461356369762663,idle,,False
3,cover_drive_average_04.mov,12,0.12590071045449439,idle,,False
3,cover_drive_average_04.mov,13,0.13955345934474478,idle,,False
3,cover_drive_average_04.mov,14,0.15222074289329876,idle,,False
3,cover_drive_average_04.mov,15,0.13890060999294668,idle,,False
3,cover_drive_average_04.mov,16,0.12731217558985056,idle,,False
3,cover_drive_average_04.mov,17,0.10022206702288756,idle,,False
3,cover_drive_average_04.mov,18,0.13653976167268778,idle,,False
3,cover_drive_average_04.mov,19,0.19049149615956137,idle,,False
3,cover_drive_average_04.mov,20,0.38142005737151813,preparation,idle_to_preparation,False
3,cover_drive_average_04.mov,21,0.5079173110340568,backswing,preparation_to_backswing,False
3,cover_drive_average_04.mov,22,0.6937522600695489,swing,backswing_to_swing,False
3,cover_drive_average_04.mov,23,0.7187944597196014,swing,,False
3,cover_drive_average_04.mov,24,0.7998534290573762,swing,,False
3,cover_drive_average_04.mov,25,0.8005853911039227,swing,,False
3,cover_drive_average_04.mov,26,0.7445613230975338,swing,,False
3,cover_drive_average_04.mov,27,0.5729223721506627,swing,,False
3,cover_drive_average_04.mov,28,0.5401574361452195,swing,,False
3,cover_drive_average_04.mov,29,0.43466216138662117,swing,,False
3,cover_drive_average_04.mov,30,0.2522553844330303,swing,,False
3,cover_drive_average_04.mov,31,0.2002945195162237,swing,,False
3,cover_drive_average_04.mov,32,0.1992292316886334,swing,,False
3,cover_drive_average_04.mov,33,0.21903081818745682,swing,,False
3,cover_drive_average_04.mov,34,0.2235372403155541,swing,,False
3,cover_drive_average_04.mov,35,0.25965790222854357,swing,,False
3,cover_drive_average_04.mov,36,0.28539376939020655,swing,,False
3,cover_drive_average_04.mov,37,0.301559443761603,swing,,False
3,cover_drive_average_04.mov,38,0.25456153604513043,swing,,False
3,cover_drive_average_04.mov,39,0.21856057400415782,swing,,False
3,cover_drive_average_04.mov,40,0.19838070512798492,swing,,False
3,cover_drive_average_04.mov,41,0.12700461859779577,follow_through,swing_to_follow_through,False
3,cover_drive_average_04.mov,42,0.11757772483080883,follow_through,,False
3,cover_drive_average_04.mov,43,0.12245221043924592,follow_through,,False
3,cover_drive_average_04.mov,44,0.2371742288212653,follow_through,,False
3,cover_drive_average_04.mov,45,0.3074245422401579,follow_through,,False
3,cover_drive_average_04.mov,46,0.3462456171564945,follow_through,,False
3,cover_drive_average_04.mov,47,0.5122110753265465,follow_through,,False
3,cover_drive_average_04.mov,48,0.6140784924178644,follow_through,,False
3,cover_drive_average_04.mov,49,0.5027188506430873,follow_through,,False
3,cover_drive_average_04.mov,50,0.43193295505306384,follow_through,,False
3,cover_drive_average_04.mov,51,0.39812773573482285,follow_through,,False
3,cover_drive_average_04.mov,52,0.21452154204560542,follow_through,,False
3,cover_drive_average_04.mov,53,0.10310323627483625,follow_through,,False
3,cover_drive_average_04.mov,54,0.1393229567531656,follow_through,,False
3,cover_drive_average_04.mov,55,0.13828599796552066,follow_through,,False
3,cover_drive_average_04.mov,56,0.1705433997838156,follow_through,,False
3,cover_drive_average_04.mov,57,0.17116676606939213,follow_through,,False
3,cover_drive_average_04.mov,58,0.17073346842967732,follow_through,,False
3,cover_drive_average_04.mov,59,0.13017287814055503,follow_through,,False
3,cover_drive_average_04.mov,59,0.13017287814055503,completed,sequence_end_to_completed,True
4,cover_drive_average_05.mov,0,0.07171824267284395,idle,,False
4,cover_drive_average_05.mov,1,0.1400470847839924,idle,,False
4,cover_drive_average_05.mov,2,0.19823078718128007,idle,,False
4,cover_drive_average_05.mov,3,0.23439114828739044,idle,,False
4,cover_drive_average_05.mov,4,0.23387034095951034,idle,,False
4,cover_drive_average_05.mov,5,0.2364280642114405,idle,,False
4,cover_drive_average_05.mov,6,0.1912779704872426,idle,,False
4,cover_drive_average_05.mov,7,0.14447440939810802,idle,,False
4,cover_drive_average_05.mov,8,0.13484461150714497,idle,,False
4,cover_drive_average_05.mov,9,0.11517635835515216,idle,,False
4,cover_drive_average_05.mov,10,0.09589682365007635,idle,,False
4,cover_drive_average_05.mov,11,0.09834423896411587,idle,,False
4,cover_drive_average_05.mov,12,0.10462930019490742,idle,,False
4,cover_drive_average_05.mov,13,0.11037907178828849,idle,,False
4,cover_drive_average_05.mov,14,0.13821978187261186,idle,,False
4,cover_drive_average_05.mov,15,0.3198571779240577,preparation,idle_to_preparation,False
4,cover_drive_average_05.mov,16,0.4866690355736035,backswing,preparation_to_backswing,False
4,cover_drive_average_05.mov,17,0.5078926982466572,swing,backswing_to_swing,False
4,cover_drive_average_05.mov,18,0.6756123634381288,swing,,False
4,cover_drive_average_05.mov,19,0.783835707650559,swing,,False
4,cover_drive_average_05.mov,20,0.6994306288806856,swing,,False
4,cover_drive_average_05.mov,21,0.574424919553094,swing,,False
4,cover_drive_average_05.mov,22,0.583942583093607,swing,,False
4,cover_drive_average_05.mov,23,0.4390367854538878,swing,,False
4,cover_drive_average_05.mov,24,0.3508969089883134,swing,,False
4,cover_drive_average_05.mov,25,0.3199993789477933,swing,,False
4,cover_drive_average_05.mov,26,0.45256706692484916,swing,,False
4,cover_drive_average_05.mov,27,0.5454850794088465,swing,,False
4,cover_drive_average_05.mov,28,0.665880818622128,swing,,False
4,cover_drive_average_05.mov,29,0.8006593032875817,swing,,False
4,cover_drive_average_05.mov,30,0.8052753912063231,swing,,False
4,cover_drive_average_05.mov,31,0.6762246512183838,swing,,False
4,cover_drive_average_05.mov,32,0.6575843689012385,swing,,False
4,cover_drive_average_05.mov,33,0.5458380351940888,swing,,False
4,cover_drive_average_05.mov,34,0.42000375849652166,swing,,False
4,cover_drive_average_05.mov,35,0.36558632941546315,swing,,False
4,cover_drive_average_05.mov,36,0.34529736913509584,swing,,False
4,cover_drive_average_05.mov,37,0.27886171165307694,swing,,False
4,cover_drive_average_05.mov,38,0.23873314235023144,swing,,False
4,cover_drive_average_05.mov,39,0.1978183338927003,swing,,False
4,cover_drive_average_05.mov,40,0.19762590421297901,swing,,False
4,cover_drive_average_05.mov,41,0.24922073088976227,swing,,False
4,cover_drive_average_05.mov,42,0.2602202146851117,swing,,False
4,cover_drive_average_05.mov,43,0.35969843412274216,swing,,False
4,cover_drive_average_05.mov,44,0.3680441867288923,swing,,False
4,cover_drive_average_05.mov,45,0.47223698756276283,swing,,False
4,cover_drive_average_05.mov,46,0.48145497939162624,swing,,False
4,cover_drive_average_05.mov,47,0.48558100277198923,swing,,False
4,cover_drive_average_05.mov,48,0.41326152278388456,swing,,False
4,cover_drive_average_05.mov,49,0.4113062511915849,swing,,False
4,cover_drive_average_05.mov,50,0.32250495696297465,swing,,False
4,cover_drive_average_05.mov,51,0.2534735555208432,swing,,False
4,cover_drive_average_05.mov,52,0.22073360683324816,swing,,False
4,cover_drive_average_05.mov,53,0.19216431781971424,swing,,False
4,cover_drive_average_05.mov,54,0.1772257542290489,follow_through,swing_to_follow_through,False
4,cover_drive_average_05.mov,55,0.1798874779953331,follow_through,,False
4,cover_drive_average_05.mov,56,0.15552464673911373,follow_through,,False
4,cover_drive_average_05.mov,57,0.1597287220255111,follow_through,,False
4,cover_drive_average_05.mov,58,0.1803624682378111,follow_through,,False
4,cover_drive_average_05.mov,59,0.19849787118158313,follow_through,,False
4,cover_drive_average_05.mov,59,0.19849787118158313,completed,sequence_end_to_completed,True
5,cover_drive_average_06.mov,0,0.025238348544856414,idle,,False
5,cover_drive_average_06.mov,1,0.042130176935892015,idle,,False
5,cover_drive_average_06.mov,2,0.054470182988741525,idle,,False
5,cover_drive_average_06.mov,3,0.0762796639657588,idle,,False
5,cover_drive_average_06.mov,4,0.08670713660374627,idle,,False
5,cover_drive_average_06.mov,5,0.10936006281746995,idle,,False
5,cover_drive_average_06.mov,6,0.12712860880647475,idle,,False
5,cover_drive_average_06.mov,7,0.13160424544191562,idle,,False
5,cover_drive_average_06.mov,8,0.16255643734466974,idle,,False
5,cover_drive_average_06.mov,9,0.1507569901438155,idle,,False
5,cover_drive_average_06.mov,10,0.16203547001905486,idle,,False
5,cover_drive_average_06.mov,11,0.14279853815088228,idle,,False
5,cover_drive_average_06.mov,12,0.1299314627057262,idle,,False
5,cover_drive_average_06.mov,13,0.09180006404273051,idle,,False
5,cover_drive_average_06.mov,14,0.08227759955781147,idle,,False
5,cover_drive_average_06.mov,15,0.05444089762744814,idle,,False
5,cover_drive_average_06.mov,16,0.05164674172036682,idle,,False
5,cover_drive_average_06.mov,17,0.0699842171262142,idle,,False
5,cover_drive_average_06.mov,18,0.10541180622719055,idle,,False
5,cover_drive_average_06.mov,19,0.1654267193783152,idle,,False
5,cover_drive_average_06.mov,20,0.23576963944904558,idle,,False
5,cover_drive_average_06.mov,21,0.28765380461247625,preparation,idle_to_preparation,False
5,cover_drive_average_06.mov,22,0.2826586552365753,backswing,preparation_to_backswing,False
5,cover_drive_average_06.mov,23,0.2626048698125564,backswing,,False
5,cover_drive_average_06.mov,24,0.2706417912430778,backswing,,False
5,cover_drive_average_06.mov,25,0.3691502452387757,swing,backswing_to_swing,False
5,cover_drive_average_06.mov,26,0.5044354037916358,swing,,False
5,cover_drive_average_06.mov,27,0.6871445105185552,swing,,False
5,cover_drive_average_06.mov,28,0.809314046979199,swing,,False
5,cover_drive_average_06.mov,29,0.8676401937367479,swing,,False
5,cover_drive_average_06.mov,30,0.8832118431714604,swing,,False
5,cover_drive_average_06.mov,31,0.8250565287625093,swing,,False
5,cover_drive_average_06.mov,32,0.684546009793797,swing,,False
5,cover_drive_average_06.mov,33,0.5879065761098372,swing,,False
5,cover_drive_average_06.mov,34,0.5304386337963191,swing,,False
5,cover_drive_average_06.mov,35,0.4020933396604725,swing,,False
5,cover_drive_average_06.mov,36,0.3135586835868487,swing,,False
5,cover_drive_average_06.mov,37,0.2898081787645359,swing,,False
5,cover_drive_average_06.mov,38,0.28786767311330524,swing,,False
5,cover_drive_average_06.mov,39,0.3848686190303612,swing,,False
5,cover_drive_average_06.mov,40,0.44582589904451225,swing,,False
5,cover_drive_average_06.mov,41,0.5927172592060098,swing,,False
5,cover_drive_average_06.mov,42,0.6251695439731129,swing,,False
5,cover_drive_average_06.mov,43,0.6433464022983684,swing,,False
5,cover_drive_average_06.mov,44,0.5216608156899155,swing,,False
5,cover_drive_average_06.mov,45,0.434029024499661,swing,,False
5,cover_drive_average_06.mov,46,0.2730914265389175,swing,,False
5,cover_drive_average_06.mov,47,0.23856164643496047,swing,,False
5,cover_drive_average_06.mov,48,0.20686815314612036,swing,,False
5,cover_drive_average_06.mov,49,0.22762395834727805,swing,,False
5,cover_drive_average_06.mov,50,0.2125998485256392,swing,,False
5,cover_drive_average_06.mov,51,0.23105517886587368,swing,,False
5,cover_drive_average_06.mov,52,0.20828609964038283,swing,,False
5,cover_drive_average_06.mov,53,0.1891221019734699,swing,,False
5,cover_drive_average_06.mov,54,0.13613957269268756,follow_through,swing_to_follow_through,False
5,cover_drive_average_06.mov,55,0.11639711154242614,follow_through,,False
5,cover_drive_average_06.mov,56,0.08342893302872709,follow_through,,False
5,cover_drive_average_06.mov,57,0.08247151125588992,follow_through,,False
5,cover_drive_average_06.mov,58,0.07149344874099368,completed,follow_through_to_completed,True
5,cover_drive_average_06.mov,59,0.06456811720332004,cooldown,completed_to_cooldown,False
6,cover_drive_average_07.mov,0,0.017915488358575135,idle,,False
6,cover_drive_average_07.mov,1,0.026638027157630834,idle,,False
6,cover_drive_average_07.mov,2,0.03137560492753959,idle,,False
6,cover_drive_average_07.mov,3,0.049421185352242394,idle,,False
6,cover_drive_average_07.mov,4,0.047055074353494486,idle,,False
6,cover_drive_average_07.mov,5,0.05968180280202673,idle,,False
6,cover_drive_average_07.mov,6,0.07101424667478339,idle,,False
6,cover_drive_average_07.mov,7,0.08283817744239759,idle,,False
6,cover_drive_average_07.mov,8,0.08542529210323654,idle,,False
6,cover_drive_average_07.mov,9,0.08220236611210219,idle,,False
6,cover_drive_average_07.mov,10,0.0719212910184499,idle,,False
6,cover_drive_average_07.mov,11,0.08301935856328886,idle,,False
6,cover_drive_average_07.mov,12,0.09661617507423809,idle,,False
6,cover_drive_average_07.mov,13,0.10936407726450173,idle,,False
6,cover_drive_average_07.mov,14,0.15787145682288808,idle,,False
6,cover_drive_average_07.mov,15,0.17621682596951957,idle,,False
6,cover_drive_average_07.mov,16,0.19387702392041922,idle,,False
6,cover_drive_average_07.mov,17,0.2310674182572085,idle,,False
6,cover_drive_average_07.mov,18,0.3510765300848724,preparation,idle_to_preparation,False
6,cover_drive_average_07.mov,19,0.35847283676334546,backswing,preparation_to_backswing,False
6,cover_drive_average_07.mov,20,0.38641889796428136,swing,backswing_to_swing,False
6,cover_drive_average_07.mov,21,0.509530959049959,swing,,False
6,cover_drive_average_07.mov,22,0.6421822396646977,swing,,False
6,cover_drive_average_07.mov,23,0.6887925305612284,swing,,False
6,cover_drive_average_07.mov,24,0.8278665599251924,swing,,False
6,cover_drive_average_07.mov,25,0.9714078238887377,swing,,False
6,cover_drive_average_07.mov,26,0.8370835260223821,swing,,False
6,cover_drive_average_07.mov,27,0.731717876668228,swing,,False
6,cover_drive_average_07.mov,28,0.6554747798258005,swing,,False
6,cover_drive_average_07.mov,29,0.5993136669433253,swing,,False
6,cover_drive_average_07.mov,30,0.43665225212109826,swing,,False
6,cover_drive_average_07.mov,31,0.44066279355323895,swing,,False
6,cover_drive_average_07.mov,32,0.3803812560539252,swing,,False
6,cover_drive_average_07.mov,33,0.4185466538980736,swing,,False
6,cover_drive_average_07.mov,34,0.3621175904177653,swing,,False
6,cover_drive_average_07.mov,35,0.43547522654711385,swing,,False
6,cover_drive_average_07.mov,36,0.5227326810962535,swing,,False
6,cover_drive_average_07.mov,37,0.5366795136778729,swing,,False
6,cover_drive_average_07.mov,38,0.4271851508177451,swing,,False
6,cover_drive_average_07.mov,39,0.40035282982369763,swing,,False
6,cover_drive_average_07.mov,40,0.3168601577511339,swing,,False
6,cover_drive_average_07.mov,41,0.21747867927307346,swing,,False
6,cover_drive_average_07.mov,42,0.1907266091303528,swing,,False
6,cover_drive_average_07.mov,43,0.16815645539324087,follow_through,swing_to_follow_through,False
6,cover_drive_average_07.mov,44,0.13401012959797529,follow_through,,False
6,cover_drive_average_07.mov,45,0.1679385586890158,follow_through,,False
6,cover_drive_average_07.mov,46,0.17345485455951004,follow_through,,False
6,cover_drive_average_07.mov,47,0.18276981127114528,follow_through,,False
6,cover_drive_average_07.mov,48,0.19237816764747062,follow_through,,False
6,cover_drive_average_07.mov,49,0.18385381666685244,follow_through,,False
6,cover_drive_average_07.mov,50,0.14256805984410928,follow_through,,False
6,cover_drive_average_07.mov,51,0.11569021815282719,follow_through,,False
6,cover_drive_average_07.mov,52,0.10517371956275424,follow_through,,False
6,cover_drive_average_07.mov,53,0.09701757568385455,follow_through,,False
6,cover_drive_average_07.mov,54,0.0992333953461462,completed,follow_through_to_completed,True
6,cover_drive_average_07.mov,55,0.09680009098737079,cooldown,completed_to_cooldown,False
6,cover_drive_average_07.mov,56,0.09917496572280388,cooldown,,False
6,cover_drive_average_07.mov,57,0.10704303412744243,cooldown,,False
6,cover_drive_average_07.mov,58,0.10394713933716754,cooldown,,False
6,cover_drive_average_07.mov,59,0.11203859591922234,cooldown,,False
7,cover_drive_average_08.mov,0,0.03906973819429089,idle,,False
7,cover_drive_average_08.mov,1,0.05533898252749038,idle,,False
7,cover_drive_average_08.mov,2,0.08717690474566278,idle,,False
7,cover_drive_average_08.mov,3,0.10724616700661797,idle,,False
7,cover_drive_average_08.mov,4,0.10934754915584687,idle,,False
7,cover_drive_average_08.mov,5,0.10710612946284308,idle,,False
7,cover_drive_average_08.mov,6,0.10593180814979834,idle,,False
7,cover_drive_average_08.mov,7,0.08182757956895353,idle,,False
7,cover_drive_average_08.mov,8,0.09062336475819986,idle,,False
7,cover_drive_average_08.mov,9,0.09059230868304059,idle,,False
7,cover_drive_average_08.mov,10,0.10089965975682262,idle,,False
7,cover_drive_average_08.mov,11,0.10657273295853653,idle,,False
7,cover_drive_average_08.mov,12,0.10828755095029466,idle,,False
7,cover_drive_average_08.mov,13,0.10762543829606872,idle,,False
7,cover_drive_average_08.mov,14,0.11129443978574514,idle,,False
7,cover_drive_average_08.mov,15,0.1495178627605979,idle,,False
7,cover_drive_average_08.mov,16,0.17283357974707433,idle,,False
7,cover_drive_average_08.mov,17,0.1806014809812266,idle,,False
7,cover_drive_average_08.mov,18,0.22778568011965317,idle,,False
7,cover_drive_average_08.mov,19,0.3318591884427241,preparation,idle_to_preparation,False
7,cover_drive_average_08.mov,20,0.3542537975609555,backswing,preparation_to_backswing,False
7,cover_drive_average_08.mov,21,0.5101700843526104,swing,backswing_to_swing,False
7,cover_drive_average_08.mov,22,0.6929536714893724,swing,,False
7,cover_drive_average_08.mov,23,0.8164145539120963,swing,,False
7,cover_drive_average_08.mov,24,0.8027704790706074,swing,,False
7,cover_drive_average_08.mov,25,0.9124394209634965,swing,,False
7,cover_drive_average_08.mov,26,0.8348003466490588,swing,,False
7,cover_drive_average_08.mov,27,0.7800733366437601,swing,,False
7,cover_drive_average_08.mov,28,0.6841617100641489,swing,,False
7,cover_drive_average_08.mov,29,0.6548214101327299,swing,,False
7,cover_drive_average_08.mov,30,0.4994843792452122,swing,,False
7,cover_drive_average_08.mov,31,0.5009395370091196,swing,,False
7,cover_drive_average_08.mov,32,0.4753278253012114,swing,,False
7,cover_drive_average_08.mov,33,0.4646331610253592,swing,,False
7,cover_drive_average_08.mov,34,0.42574697339534234,swing,,False
7,cover_drive_average_08.mov,35,0.4890272417500504,swing,,False
7,cover_drive_average_08.mov,36,0.5153090808563152,swing,,False
7,cover_drive_average_08.mov,37,0.4759315319482869,swing,,False
7,cover_drive_average_08.mov,38,0.5753870576116259,swing,,False
7,cover_drive_average_08.mov,39,0.6446325896610393,swing,,False
7,cover_drive_average_08.mov,40,0.5842481395556608,swing,,False
7,cover_drive_average_08.mov,41,0.47552200362529123,swing,,False
7,cover_drive_average_08.mov,42,0.42116671581827486,swing,,False
7,cover_drive_average_08.mov,43,0.2750460783791267,swing,,False
7,cover_drive_average_08.mov,44,0.19131893144585554,swing,,False
7,cover_drive_average_08.mov,45,0.18703496618842425,swing,,False
7,cover_drive_average_08.mov,46,0.20890815442246927,swing,,False
7,cover_drive_average_08.mov,47,0.21689700029116837,swing,,False
7,cover_drive_average_08.mov,48,0.23988235988578033,swing,,False
7,cover_drive_average_08.mov,49,0.24484295592190006,swing,,False
7,cover_drive_average_08.mov,50,0.2280889297533257,swing,,False
7,cover_drive_average_08.mov,51,0.21744558976462658,swing,,False
7,cover_drive_average_08.mov,52,0.22661622874249876,swing,,False
7,cover_drive_average_08.mov,53,0.18019545614360621,swing,,False
7,cover_drive_average_08.mov,54,0.16917056950153034,follow_through,swing_to_follow_through,False
7,cover_drive_average_08.mov,55,0.15983218978388042,follow_through,,False
7,cover_drive_average_08.mov,56,0.11294149762897945,follow_through,,False
7,cover_drive_average_08.mov,57,0.12214885550941729,follow_through,,False
7,cover_drive_average_08.mov,58,0.15230293908660217,follow_through,,False
7,cover_drive_average_08.mov,59,0.17977921183023937,follow_through,,False
7,cover_drive_average_08.mov,59,0.17977921183023937,completed,sequence_end_to_completed,True
8,cover_drive_bad_01.mov,0,0.1540228206185864,idle,,False
8,cover_drive_bad_01.mov,1,0.16372466718817183,idle,,False
8,cover_drive_bad_01.mov,2,0.17507158168535894,idle,,False
8,cover_drive_bad_01.mov,3,0.23274494150682484,idle,,False
8,cover_drive_bad_01.mov,4,0.1454421559203643,idle,,False
8,cover_drive_bad_01.mov,5,0.16165805404087022,idle,,False
8,cover_drive_bad_01.mov,6,0.18027502081471652,idle,,False
8,cover_drive_bad_01.mov,7,0.23387680478557546,idle,,False
8,cover_drive_bad_01.mov,8,0.2186753428977434,idle,,False
8,cover_drive_bad_01.mov,9,0.32243854214226786,preparation,idle_to_preparation,False
8,cover_drive_bad_01.mov,10,0.397985530648805,backswing,preparation_to_backswing,False
8,cover_drive_bad_01.mov,11,0.49237505323536934,swing,backswing_to_swing,False
8,cover_drive_bad_01.mov,12,0.5208775398660773,swing,,False
8,cover_drive_bad_01.mov,13,0.5272456635435204,swing,,False
8,cover_drive_bad_01.mov,14,0.41643317095829807,swing,,False
8,cover_drive_bad_01.mov,15,0.33909947537125446,swing,,False
8,cover_drive_bad_01.mov,16,0.24260494128440604,swing,,False
8,cover_drive_bad_01.mov,17,0.172932052758868,follow_through,swing_to_follow_through,False
8,cover_drive_bad_01.mov,18,0.14291645121965416,follow_through,,False
8,cover_drive_bad_01.mov,19,0.14445321233225503,follow_through,,False
8,cover_drive_bad_01.mov,20,0.13844891752470595,follow_through,,False
8,cover_drive_bad_01.mov,21,0.22395399662277185,follow_through,,False
8,cover_drive_bad_01.mov,22,0.26940615724044886,follow_through,,False
8,cover_drive_bad_01.mov,23,0.3524211647887163,follow_through,,False
8,cover_drive_bad_01.mov,24,0.41780964394111536,follow_through,,False
8,cover_drive_bad_01.mov,25,0.4221542646457679,follow_through,,False
8,cover_drive_bad_01.mov,26,0.3472791310326265,follow_through,,False
8,cover_drive_bad_01.mov,27,0.4509023271471598,follow_through,,False
8,cover_drive_bad_01.mov,28,0.5167531868287323,follow_through,,False
8,cover_drive_bad_01.mov,29,0.6201956124246236,follow_through,,False
8,cover_drive_bad_01.mov,30,0.6714327206782219,follow_through,,False
8,cover_drive_bad_01.mov,31,0.8345889733501497,follow_through,,False
8,cover_drive_bad_01.mov,32,0.7891450624904917,follow_through,,False
8,cover_drive_bad_01.mov,33,0.8004561890594971,follow_through,,False
8,cover_drive_bad_01.mov,34,0.6274962262200943,follow_through,,False
8,cover_drive_bad_01.mov,35,0.5969189812055787,follow_through,,False
8,cover_drive_bad_01.mov,36,0.46934026511658405,follow_through,,False
8,cover_drive_bad_01.mov,37,0.3974119863846472,follow_through,,False
8,cover_drive_bad_01.mov,38,0.33812216153406544,follow_through,,False
8,cover_drive_bad_01.mov,39,0.51223799795802,follow_through,,False
8,cover_drive_bad_01.mov,40,0.5580061501946071,follow_through,,False
8,cover_drive_bad_01.mov,41,0.6790758715687775,follow_through,,False
8,cover_drive_bad_01.mov,42,0.751219766497555,follow_through,,False
8,cover_drive_bad_01.mov,43,0.7551209994476938,follow_through,,False
8,cover_drive_bad_01.mov,44,0.6733911211669549,follow_through,,False
8,cover_drive_bad_01.mov,45,0.7629993076173114,follow_through,,False
8,cover_drive_bad_01.mov,46,0.6961834210139243,follow_through,,False
8,cover_drive_bad_01.mov,47,0.705964159565171,follow_through,,False
8,cover_drive_bad_01.mov,48,0.6262988372289993,follow_through,,False
8,cover_drive_bad_01.mov,49,0.5941027355091197,follow_through,,False
8,cover_drive_bad_01.mov,50,0.46896974227266686,follow_through,,False
8,cover_drive_bad_01.mov,51,0.42142987031485046,follow_through,,False
8,cover_drive_bad_01.mov,52,0.3566614098082277,follow_through,,False
8,cover_drive_bad_01.mov,53,0.34319496510108066,follow_through,,False
8,cover_drive_bad_01.mov,54,0.2750974044276601,follow_through,,False
8,cover_drive_bad_01.mov,55,0.2253056680822832,follow_through,,False
8,cover_drive_bad_01.mov,56,0.17364679468193686,follow_through,,False
8,cover_drive_bad_01.mov,57,0.13571418421213008,follow_through,,False
8,cover_drive_bad_01.mov,58,0.1399381555026092,follow_through,,False
8,cover_drive_bad_01.mov,59,0.15666672239407417,follow_through,,False
8,cover_drive_bad_01.mov,59,0.15666672239407417,completed,sequence_end_to_completed,True
9,cover_drive_bad_02.mov,0,0.009588413376250823,idle,,False
9,cover_drive_bad_02.mov,1,0.012357371432273227,idle,,False
9,cover_drive_bad_02.mov,2,0.014036605937935081,idle,,False
9,cover_drive_bad_02.mov,3,0.017408151939427022,idle,,False
9,cover_drive_bad_02.mov,4,0.015163323080628044,idle,,False
9,cover_drive_bad_02.mov,5,0.013053409185875671,idle,,False
9,cover_drive_bad_02.mov,6,0.01140607023305465,idle,,False
9,cover_drive_bad_02.mov,7,0.01128210908590686,idle,,False
9,cover_drive_bad_02.mov,8,0.01045967552246141,idle,,False
9,cover_drive_bad_02.mov,9,0.012490939818023005,idle,,False
9,cover_drive_bad_02.mov,10,0.013040326213435509,idle,,False
9,cover_drive_bad_02.mov,11,0.014114187406443844,idle,,False
9,cover_drive_bad_02.mov,12,0.022880870813476333,idle,,False
9,cover_drive_bad_02.mov,13,0.026386390380599582,idle,,False
9,cover_drive_bad_02.mov,14,0.03312932481852245,idle,,False
9,cover_drive_bad_02.mov,15,0.04034668097239754,idle,,False
9,cover_drive_bad_02.mov,16,0.056015180751294434,idle,,False
9,cover_drive_bad_02.mov,17,0.06874452911800825,idle,,False
9,cover_drive_bad_02.mov,18,0.06765026936556008,idle,,False
9,cover_drive_bad_02.mov,19,0.07602350908447232,idle,,False
9,cover_drive_bad_02.mov,20,0.11141062293312025,idle,,False
9,cover_drive_bad_02.mov,21,0.11315160961963765,idle,,False
9,cover_drive_bad_02.mov,22,0.10682436785768892,idle,,False
9,cover_drive_bad_02.mov,23,0.20626225810707516,idle,,False
9,cover_drive_bad_02.mov,24,0.22008500962480568,idle,,False
9,cover_drive_bad_02.mov,25,0.37308776648619935,preparation,idle_to_preparation,False
9,cover_drive_bad_02.mov,26,0.5534827997245754,backswing,preparation_to_backswing,False
9,cover_drive_bad_02.mov,27,0.7367587363542636,swing,backswing_to_swing,False
9,cover_drive_bad_02.mov,28,0.832360473852156,swing,,False
9,cover_drive_bad_02.mov,29,0.878417577256405,swing,,False
9,cover_drive_bad_02.mov,30,0.7349248369821283,swing,,False
9,cover_drive_bad_02.mov,31,0.6163847853621702,swing,,False
9,cover_drive_bad_02.mov,32,0.481945931185046,swing,,False
9,cover_drive_bad_02.mov,33,0.35213363506821627,swing,,False
9,cover_drive_bad_02.mov,34,0.2995917426905451,swing,,False
9,cover_drive_bad_02.mov,35,0.31141114245578455,swing,,False
9,cover_drive_bad_02.mov,36,0.28334804958361065,swing,,False
9,cover_drive_bad_02.mov,37,0.25078234082531115,swing,,False
9,cover_drive_bad_02.mov,38,0.23514810287048657,swing,,False
9,cover_drive_bad_02.mov,39,0.24300752716424578,swing,,False
9,cover_drive_bad_02.mov,40,0.22853892053217406,swing,,False
9,cover_drive_bad_02.mov,41,0.2155794819207735,swing,,False
9,cover_drive_bad_02.mov,42,0.2308496969964993,swing,,False
9,cover_drive_bad_02.mov,43,0.23894961372457035,swing,,False
9,cover_drive_bad_02.mov,44,0.24475298266993578,swing,,False
9,cover_drive_bad_02.mov,45,0.27894152208450534,swing,,False
9,cover_drive_bad_02.mov,46,0.2833168510636514,swing,,False
9,cover_drive_bad_02.mov,47,0.2850605515388567,swing,,False
9,cover_drive_bad_02.mov,48,0.32270057218276244,swing,,False
9,cover_drive_bad_02.mov,49,0.3542464267212578,swing,,False
9,cover_drive_bad_02.mov,50,0.3079933925451925,swing,,False
9,cover_drive_bad_02.mov,51,0.33883452601829056,swing,,False
9,cover_drive_bad_02.mov,52,0.3703963618044733,swing,,False
9,cover_drive_bad_02.mov,53,0.3209737519301741,swing,,False
9,cover_drive_bad_02.mov,54,0.3015909843793193,swing,,False
9,cover_drive_bad_02.mov,55,0.29567628808435703,swing,,False
9,cover_drive_bad_02.mov,56,0.2641212091335239,swing,,False
9,cover_drive_bad_02.mov,57,0.20710735851454753,swing,,False
9,cover_drive_bad_02.mov,58,0.18079390287123803,swing,,False
9,cover_drive_bad_02.mov,59,0.151399170593668,follow_through,swing_to_follow_through,False
9,cover_drive_bad_02.mov,59,0.151399170593668,completed,sequence_end_to_completed,True
10,cover_drive_bad_03.mov,0,0.11203567924590928,idle,,False
10,cover_drive_bad_03.mov,1,0.13920725897924777,idle,,False
10,cover_drive_bad_03.mov,2,0.18682673901487631,idle,,False
10,cover_drive_bad_03.mov,3,0.2736946691920834,idle,,False
10,cover_drive_bad_03.mov,4,0.25479779026189603,idle,,False
10,cover_drive_bad_03.mov,5,0.24267517773679514,idle,,False
10,cover_drive_bad_03.mov,6,0.2289626468138727,idle,,False
10,cover_drive_bad_03.mov,7,0.1921156769612077,idle,,False
10,cover_drive_bad_03.mov,8,0.11095995698276297,idle,,False
10,cover_drive_bad_03.mov,9,0.07631243512843759,idle,,False
10,cover_drive_bad_03.mov,10,0.06835776837134266,idle,,False
10,cover_drive_bad_03.mov,11,0.07002954438217439,idle,,False
10,cover_drive_bad_03.mov,12,0.10779048906530173,idle,,False
10,cover_drive_bad_03.mov,13,0.20704267749924563,idle,,False
10,cover_drive_bad_03.mov,14,0.26111381745845225,idle,,False
10,cover_drive_bad_03.mov,15,0.28649191013686776,preparation,idle_to_preparation,False
10,cover_drive_bad_03.mov,16,0.32357893920255026,backswing,preparation_to_backswing,False
10,cover_drive_bad_03.mov,17,0.3415365693270103,swing,backswing_to_swing,False
10,cover_drive_bad_03.mov,18,0.3108846132899831,swing,,False
10,cover_drive_bad_03.mov,19,0.42924669715823127,swing,,False
10,cover_drive_bad_03.mov,20,0.5923134250501856,swing,,False
10,cover_drive_bad_03.mov,21,0.7400955711632553,swing,,False
10,cover_drive_bad_03.mov,22,0.8445534485174001,swing,,False
10,cover_drive_bad_03.mov,23,0.970241005921721,swing,,False
10,cover_drive_bad_03.mov,24,0.9166253333509289,swing,,False
10,cover_drive_bad_03.mov,25,0.7914212323655839,swing,,False
10,cover_drive_bad_03.mov,26,0.7014837445618188,swing,,False
10,cover_drive_bad_03.mov,27,0.6307476605956114,swing,,False
10,cover_drive_bad_03.mov,28,0.47002473059480404,swing,,False
10,cover_drive_bad_03.mov,29,0.403799289869622,swing,,False
10,cover_drive_bad_03.mov,30,0.41703127844595794,swing,,False
10,cover_drive_bad_03.mov,31,0.4053595691105074,swing,,False
10,cover_drive_bad_03.mov,32,0.3809921015209184,swing,,False
10,cover_drive_bad_03.mov,33,0.36734348025518093,swing,,False
10,cover_drive_bad_03.mov,34,0.32960222625718316,swing,,False
10,cover_drive_bad_03.mov,35,0.30318554833336725,swing,,False
10,cover_drive_bad_03.mov,36,0.2827853375204513,swing,,False
10,cover_drive_bad_03.mov,37,0.29728122436044285,swing,,False
10,cover_drive_bad_03.mov,38,0.3277616932738988,swing,,False
10,cover_drive_bad_03.mov,39,0.3942655083682114,swing,,False
10,cover_drive_bad_03.mov,40,0.40854500102149527,swing,,False
10,cover_drive_bad_03.mov,41,0.37354146210419076,swing,,False
10,cover_drive_bad_03.mov,42,0.3240982193431206,swing,,False
10,cover_drive_bad_03.mov,43,0.33495872219177053,swing,,False
10,cover_drive_bad_03.mov,44,0.30494177662112926,swing,,False
10,cover_drive_bad_03.mov,45,0.26063443550733184,swing,,False
10,cover_drive_bad_03.mov,46,0.23787690198440434,swing,,False
10,cover_drive_bad_03.mov,47,0.25041400329326186,swing,,False
10,cover_drive_bad_03.mov,48,0.19908374926874012,swing,,False
10,cover_drive_bad_03.mov,49,0.19174225234396755,swing,,False
10,cover_drive_bad_03.mov,50,0.2251056927300247,swing,,False
10,cover_drive_bad_03.mov,51,0.25847441127385024,swing,,False
10,cover_drive_bad_03.mov,52,0.2259064448263877,swing,,False
10,cover_drive_bad_03.mov,53,0.2420638238343336,swing,,False
10,cover_drive_bad_03.mov,54,0.211704203211193,swing,,False
10,cover_drive_bad_03.mov,55,0.18797956759100534,swing,,False
10,cover_drive_bad_03.mov,56,0.156601690085573,follow_through,swing_to_follow_through,False
10,cover_drive_bad_03.mov,57,0.15350447738634979,follow_through,,False
10,cover_drive_bad_03.mov,58,0.13947790893735687,follow_through,,False
10,cover_drive_bad_03.mov,59,0.11675245770853766,follow_through,,False
10,cover_drive_bad_03.mov,59,0.11675245770853766,completed,sequence_end_to_completed,True
11,cover_drive_bad_04.mov,0,0.12527118897518483,idle,,False
11,cover_drive_bad_04.mov,1,0.15045857079400832,idle,,False
11,cover_drive_bad_04.mov,2,0.17916780062490575,idle,,False
11,cover_drive_bad_04.mov,3,0.20465731768812573,idle,,False
11,cover_drive_bad_04.mov,4,0.2148832584554745,idle,,False
11,cover_drive_bad_04.mov,5,0.1500242449128361,idle,,False
11,cover_drive_bad_04.mov,6,0.14398774680962184,idle,,False
11,cover_drive_bad_04.mov,7,0.13678475749842983,idle,,False
11,cover_drive_bad_04.mov,8,0.1408094981736695,idle,,False
11,cover_drive_bad_04.mov,9,0.12547226234719477,idle,,False
11,cover_drive_bad_04.mov,10,0.1583660549993215,idle,,False
11,cover_drive_bad_04.mov,11,0.1709157897367445,idle,,False
11,cover_drive_bad_04.mov,12,0.1693715924685535,idle,,False
11,cover_drive_bad_04.mov,13,0.15599573133298372,idle,,False
11,cover_drive_bad_04.mov,14,0.1411393481525748,idle,,False
11,cover_drive_bad_04.mov,15,0.11672900366764256,idle,,False
11,cover_drive_bad_04.mov,16,0.13990798484175132,idle,,False
11,cover_drive_bad_04.mov,17,0.1404039020763091,idle,,False
11,cover_drive_bad_04.mov,18,0.14769639977471902,idle,,False
11,cover_drive_bad_04.mov,19,0.17330349933086578,idle,,False
11,cover_drive_bad_04.mov,20,0.20264581843784413,idle,,False
11,cover_drive_bad_04.mov,21,0.2038072070076661,idle,,False
11,cover_drive_bad_04.mov,22,0.3200260310936391,preparation,idle_to_preparation,False
11,cover_drive_bad_04.mov,23,0.46154546118176165,backswing,preparation_to_backswing,False
11,cover_drive_bad_04.mov,24,0.6153588261096256,swing,backswing_to_swing,False
11,cover_drive_bad_04.mov,25,0.6716279415937977,swing,,False
11,cover_drive_bad_04.mov,26,0.7266928847769568,swing,,False
11,cover_drive_bad_04.mov,27,0.6910960397184142,swing,,False
11,cover_drive_bad_04.mov,28,0.6393363668562818,swing,,False
11,cover_drive_bad_04.mov,29,0.598639989359628,swing,,False
11,cover_drive_bad_04.mov,30,0.6846801449242608,swing,,False
11,cover_drive_bad_04.mov,31,0.6669370249479376,swing,,False
11,cover_drive_bad_04.mov,32,0.6531029968266782,swing,,False
11,cover_drive_bad_04.mov,33,0.6950114436035603,swing,,False
11,cover_drive_bad_04.mov,34,0.7331785944318756,swing,,False
11,cover_drive_bad_04.mov,35,0.7331785944318756,swing,,False
11,cover_drive_bad_04.mov,36,0.7250778293336309,swing,,False
11,cover_drive_bad_04.mov,37,0.7985750166612762,swing,,False
11,cover_drive_bad_04.mov,38,0.6949726732532651,swing,,False
11,cover_drive_bad_04.mov,39,0.5631892420784127,swing,,False
11,cover_drive_bad_04.mov,40,0.41719655906990066,swing,,False
11,cover_drive_bad_04.mov,41,0.3812905607179605,swing,,False
11,cover_drive_bad_04.mov,42,0.2811641486425824,swing,,False
11,cover_drive_bad_04.mov,43,0.2547029758257491,swing,,False
11,cover_drive_bad_04.mov,44,0.2057477487697809,swing,,False
11,cover_drive_bad_04.mov,45,0.19697105730195247,swing,,False
11,cover_drive_bad_04.mov,46,0.2653739507881389,swing,,False
11,cover_drive_bad_04.mov,47,0.27656282483133526,swing,,False
11,cover_drive_bad_04.mov,48,0.2805623154498321,swing,,False
11,cover_drive_bad_04.mov,49,0.35827244271981973,swing,,False
11,cover_drive_bad_04.mov,50,0.35545240617905777,swing,,False
11,cover_drive_bad_04.mov,51,0.29761534217994023,swing,,False
11,cover_drive_bad_04.mov,52,0.3241583171437009,swing,,False
11,cover_drive_bad_04.mov,53,0.3410153488123508,swing,,False
11,cover_drive_bad_04.mov,54,0.3476974967588045,swing,,False
11,cover_drive_bad_04.mov,55,0.3630081259308774,swing,,False
11,cover_drive_bad_04.mov,56,0.3382430323016988,swing,,False
11,cover_drive_bad_04.mov,57,0.29041251118108075,swing,,False
11,cover_drive_bad_04.mov,58,0.29503842134545516,swing,,False
11,cover_drive_bad_04.mov,59,0.24443204555902182,swing,,False
11,cover_drive_bad_04.mov,59,0.24443204555902182,completed,sequence_end_to_completed,True
12,cover_drive_good_01.mov,0,0.05113114516066625,idle,,False
12,cover_drive_good_01.mov,1,0.08542100926029912,idle,,False
12,cover_drive_good_01.mov,2,0.139784111080928,idle,,False
12,cover_drive_good_01.mov,3,0.18762896890138334,idle,,False
12,cover_drive_good_01.mov,4,0.224642546883391,idle,,False
12,cover_drive_good_01.mov,5,0.22749091781690692,idle,,False
12,cover_drive_good_01.mov,6,0.21079967361973329,idle,,False
12,cover_drive_good_01.mov,7,0.17108345114449336,idle,,False
12,cover_drive_good_01.mov,8,0.1660759131478183,idle,,False
12,cover_drive_good_01.mov,9,0.14966232587203104,idle,,False
12,cover_drive_good_01.mov,10,0.1379060411903818,idle,,False
12,cover_drive_good_01.mov,11,0.13383259966083827,idle,,False
12,cover_drive_good_01.mov,12,0.13169372815051547,idle,,False
12,cover_drive_good_01.mov,13,0.09502423915929958,idle,,False
12,cover_drive_good_01.mov,14,0.07180742816350333,idle,,False
12,cover_drive_good_01.mov,15,0.09843303250260754,idle,,False
12,cover_drive_good_01.mov,16,0.15178149817653536,idle,,False
12,cover_drive_good_01.mov,17,0.1764030995485069,idle,,False
12,cover_drive_good_01.mov,18,0.3702352687159425,preparation,idle_to_preparation,False
12,cover_drive_good_01.mov,19,0.5504541741661069,backswing,preparation_to_backswing,False
12,cover_drive_good_01.mov,20,0.5835860807688377,swing,backswing_to_swing,False
12,cover_drive_good_01.mov,21,0.6204689373515937,swing,,False
12,cover_drive_good_01.mov,22,0.736589444987083,swing,,False
12,cover_drive_good_01.mov,23,0.7365894449870831,swing,,False
12,cover_drive_good_01.mov,24,0.6895970445617456,swing,,False
12,cover_drive_good_01.mov,25,0.7507207917643821,swing,,False
12,cover_drive_good_01.mov,26,0.7955934374064,swing,,False
12,cover_drive_good_01.mov,27,0.7223676916038052,swing,,False
12,cover_drive_good_01.mov,28,0.5941917644011027,swing,,False
12,cover_drive_good_01.mov,29,0.4785991710871255,swing,,False
12,cover_drive_good_01.mov,30,0.36071232789670793,swing,,False
12,cover_drive_good_01.mov,31,0.3023443621233982,swing,,False
12,cover_drive_good_01.mov,32,0.2401725342410121,swing,,False
12,cover_drive_good_01.mov,33,0.3203167812305794,swing,,False
12,cover_drive_good_01.mov,34,0.33931135810320284,swing,,False
12,cover_drive_good_01.mov,35,0.34340728183687946,swing,,False
12,cover_drive_good_01.mov,36,0.3759552823119168,swing,,False
12,cover_drive_good_01.mov,37,0.43881249289425567,swing,,False
12,cover_drive_good_01.mov,38,0.455987896822695,swing,,False
12,cover_drive_good_01.mov,39,0.5819774741994792,swing,,False
12,cover_drive_good_01.mov,40,0.6094049430766701,swing,,False
12,cover_drive_good_01.mov,41,0.6850932755222007,swing,,False
12,cover_drive_good_01.mov,42,0.6990414403531691,swing,,False
12,cover_drive_good_01.mov,43,0.5933374986043041,swing,,False
12,cover_drive_good_01.mov,44,0.45673615454408706,swing,,False
12,cover_drive_good_01.mov,45,0.45748597334402485,swing,,False
12,cover_drive_good_01.mov,46,0.33411555854405356,swing,,False
12,cover_drive_good_01.mov,47,0.2704745482432009,swing,,False
12,cover_drive_good_01.mov,48,0.2530529692631228,swing,,False
12,cover_drive_good_01.mov,49,0.24391726073228118,swing,,False
12,cover_drive_good_01.mov,50,0.2003440991771933,swing,,False
12,cover_drive_good_01.mov,51,0.14283829139742835,follow_through,swing_to_follow_through,False
12,cover_drive_good_01.mov,52,0.13286170296981165,follow_through,,False
12,cover_drive_good_01.mov,53,0.09995750862353389,follow_through,,False
12,cover_drive_good_01.mov,54,0.07613814860448717,follow_through,,False
12,cover_drive_good_01.mov,55,0.08356385238950138,follow_through,,False
12,cover_drive_good_01.mov,56,0.07900860889575008,completed,follow_through_to_completed,True
12,cover_drive_good_01.mov,57,0.06723526937120082,cooldown,completed_to_cooldown,False
12,cover_drive_good_01.mov,58,0.06338824104895241,cooldown,,False
12,cover_drive_good_01.mov,59,0.059812473466799077,cooldown,,False
13,cover_drive_good_02.mov,0,0.037231179376224645,idle,,False
13,cover_drive_good_02.mov,1,0.055299607307506576,idle,,False
13,cover_drive_good_02.mov,2,0.07775911588584059,idle,,False
13,cover_drive_good_02.mov,3,0.10836780653500354,idle,,False
13,cover_drive_good_02.mov,4,0.13257703486922418,idle,,False
13,cover_drive_good_02.mov,5,0.15781117846555115,idle,,False
13,cover_drive_good_02.mov,6,0.17273703045019687,idle,,False
13,cover_drive_good_02.mov,7,0.19019317428016536,idle,,False
13,cover_drive_good_02.mov,8,0.19551303900567188,idle,,False
13,cover_drive_good_02.mov,9,0.18155361411781837,idle,,False
13,cover_drive_good_02.mov,10,0.16511670266964962,idle,,False
13,cover_drive_good_02.mov,11,0.14439373154121413,idle,,False
13,cover_drive_good_02.mov,12,0.13843724609920904,idle,,False
13,cover_drive_good_02.mov,13,0.12201101536660548,idle,,False
13,cover_drive_good_02.mov,14,0.10154604264698332,idle,,False
13,cover_drive_good_02.mov,15,0.1368567005459765,idle,,False
13,cover_drive_good_02.mov,16,0.16533145079170578,idle,,False
13,cover_drive_good_02.mov,17,0.18669219868580297,idle,,False
13,cover_drive_good_02.mov,18,0.20820390445931633,idle,,False
13,cover_drive_good_02.mov,19,0.25076355974578435,idle,,False
13,cover_drive_good_02.mov,20,0.3385563362218859,preparation,idle_to_preparation,False
13,cover_drive_good_02.mov,21,0.4978102771886645,backswing,preparation_to_backswing,False
13,cover_drive_good_02.mov,22,0.6415719473079133,swing,backswing_to_swing,False
13,cover_drive_good_02.mov,23,0.800557916892334,swing,,False
13,cover_drive_good_02.mov,24,0.8986126349543611,swing,,False
13,cover_drive_good_02.mov,25,0.9574729039565633,swing,,False
13,cover_drive_good_02.mov,26,0.9193458328387495,swing,,False
13,cover_drive_good_02.mov,27,0.8152449531664553,swing,,False
13,cover_drive_good_02.mov,28,0.6732091938612376,swing,,False
13,cover_drive_good_02.mov,29,0.5481641542093414,swing,,False
13,cover_drive_good_02.mov,30,0.44406250511505574,swing,,False
13,cover_drive_good_02.mov,31,0.339844744472338,swing,,False
13,cover_drive_good_02.mov,32,0.30118858973586543,swing,,False
13,cover_drive_good_02.mov,33,0.28124924835930326,swing,,False
13,cover_drive_good_02.mov,34,0.2954851712103948,swing,,False
13,cover_drive_good_02.mov,35,0.240579002373119,swing,,False
13,cover_drive_good_02.mov,36,0.300964114827332,swing,,False
13,cover_drive_good_02.mov,37,0.30911457686971433,swing,,False
13,cover_drive_good_02.mov,38,0.3907691675139995,swing,,False
13,cover_drive_good_02.mov,39,0.49763327137070207,swing,,False
13,cover_drive_good_02.mov,40,0.5314040879402818,swing,,False
13,cover_drive_good_02.mov,41,0.47313577857461914,swing,,False
13,cover_drive_good_02.mov,42,0.4470292288134857,swing,,False
13,cover_drive_good_02.mov,43,0.3679302914365125,swing,,False
13,cover_drive_good_02.mov,44,0.28815719703251325,swing,,False
13,cover_drive_good_02.mov,45,0.2572226036334069,swing,,False
13,cover_drive_good_02.mov,46,0.29224073159541947,swing,,False
13,cover_drive_good_02.mov,47,0.34885625907091145,swing,,False
13,cover_drive_good_02.mov,48,0.34595515667145743,swing,,False
13,cover_drive_good_02.mov,49,0.30684441952034325,swing,,False
13,cover_drive_good_02.mov,50,0.2895407728323713,swing,,False
13,cover_drive_good_02.mov,51,0.22018949995665535,swing,,False
13,cover_drive_good_02.mov,52,0.14596989050820064,follow_through,swing_to_follow_through,False
13,cover_drive_good_02.mov,53,0.12925132158849117,follow_through,,False
13,cover_drive_good_02.mov,54,0.0993975774191332,follow_through,,False
13,cover_drive_good_02.mov,55,0.08228420057869645,follow_through,,False
13,cover_drive_good_02.mov,56,0.06553088900722752,follow_through,,False
13,cover_drive_good_02.mov,57,0.06514962971269102,completed,follow_through_to_completed,True
13,cover_drive_good_02.mov,58,0.06457187003094915,cooldown,completed_to_cooldown,False
13,cover_drive_good_02.mov,59,0.07924626130722967,cooldown,,False
14,cover_drive_good_03.mov,0,0.06196100735310432,idle,,False
14,cover_drive_good_03.mov,1,0.08059109159642654,idle,,False
14,cover_drive_good_03.mov,2,0.0951567954131998,idle,,False
14,cover_drive_good_03.mov,3,0.11748837781387061,idle,,False
14,cover_drive_good_03.mov,4,0.10078181088935884,idle,,False
14,cover_drive_good_03.mov,5,0.0962859195427975,idle,,False
14,cover_drive_good_03.mov,6,0.11902025843695632,idle,,False
14,cover_drive_good_03.mov,7,0.13276427924530165,idle,,False
14,cover_drive_good_03.mov,8,0.12219660103246971,idle,,False
14,cover_drive_good_03.mov,9,0.12074895643132562,idle,,False
14,cover_drive_good_03.mov,10,0.10290406447781751,idle,,False
14,cover_drive_good_03.mov,11,0.07044005866665862,idle,,False
14,cover_drive_good_03.mov,12,0.05176780988412366,idle,,False
14,cover_drive_good_03.mov,13,0.055540959052320434,idle,,False
14,cover_drive_good_03.mov,14,0.05666045871510479,idle,,False
14,cover_drive_good_03.mov,15,0.0608602069264364,idle,,False
14,cover_drive_good_03.mov,16,0.05562128505985596,idle,,False
14,cover_drive_good_03.mov,17,0.0636913183749783,idle,,False
14,cover_drive_good_03.mov,18,0.06963095037929336,idle,,False
14,cover_drive_good_03.mov,19,0.1315099649123875,idle,,False
14,cover_drive_good_03.mov,20,0.17801193887477645,idle,,False
14,cover_drive_good_03.mov,21,0.22772753867856382,idle,,False
14,cover_drive_good_03.mov,22,0.23647001564700584,idle,,False
14,cover_drive_good_03.mov,23,0.2849231894627176,preparation,idle_to_preparation,False
14,cover_drive_good_03.mov,24,0.25984658187075,backswing,preparation_to_backswing,False
14,cover_drive_good_03.mov,25,0.38519056202086255,swing,backswing_to_swing,False
14,cover_drive_good_03.mov,26,0.5303273501031367,swing,,False
14,cover_drive_good_03.mov,27,0.6742686669829487,swing,,False
14,cover_drive_good_03.mov,28,0.6732193676755571,swing,,False
14,cover_drive_good_03.mov,29,0.8208389137999375,swing,,False
14,cover_drive_good_03.mov,30,0.8377857462204341,swing,,False
14,cover_drive_good_03.mov,31,0.839271862874631,swing,,False
14,cover_drive_good_03.mov,32,0.7120385508422837,swing,,False
14,cover_drive_good_03.mov,33,0.6852841478143035,swing,,False
14,cover_drive_good_03.mov,34,0.5137463617668148,swing,,False
14,cover_drive_good_03.mov,35,0.35383611153278266,swing,,False
14,cover_drive_good_03.mov,36,0.17538286663861413,follow_through,swing_to_follow_through,False
14,cover_drive_good_03.mov,37,0.15305496926716988,follow_through,,False
14,cover_drive_good_03.mov,38,0.1193742582816437,follow_through,,False
14,cover_drive_good_03.mov,39,0.11796680448766386,follow_through,,False
14,cover_drive_good_03.mov,40,0.11996921887177436,follow_through,,False
14,cover_drive_good_03.mov,41,0.1560414788912153,follow_through,,False
14,cover_drive_good_03.mov,42,0.19265502250249075,follow_through,,False
14,cover_drive_good_03.mov,43,0.25058969448174195,follow_through,,False
14,cover_drive_good_03.mov,44,0.2972409640174912,follow_through,,False
14,cover_drive_good_03.mov,45,0.3206945734924392,follow_through,,False
14,cover_drive_good_03.mov,46,0.3698899849481765,follow_through,,False
14,cover_drive_good_03.mov,47,0.35489434731592845,follow_through,,False
14,cover_drive_good_03.mov,48,0.3277269522581979,follow_through,,False
14,cover_drive_good_03.mov,49,0.32671945587732665,follow_through,,False
14,cover_drive_good_03.mov,50,0.29958243401871393,follow_through,,False
14,cover_drive_good_03.mov,51,0.2622002691384494,follow_through,,False
14,cover_drive_good_03.mov,52,0.24096485934344847,follow_through,,False
14,cover_drive_good_03.mov,53,0.25088881587342077,follow_through,,False
14,cover_drive_good_03.mov,54,0.19337836442392922,follow_through,,False
14,cover_drive_good_03.mov,55,0.2242782067218289,follow_through,,False
14,cover_drive_good_03.mov,56,0.18200210326324204,follow_through,,False
14,cover_drive_good_03.mov,57,0.1739859032651606,follow_through,,False
14,cover_drive_good_03.mov,58,0.1380456137466169,follow_through,,False
14,cover_drive_good_03.mov,59,0.13605392167081232,follow_through,,False
14,cover_drive_good_03.mov,59,0.13605392167081232,completed,sequence_end_to_completed,True
15,cover_drive_good_04.mov,0,0.09743357503347158,idle,,False
15,cover_drive_good_04.mov,1,0.16842850408953253,idle,,False
15,cover_drive_good_04.mov,2,0.20317692253855218,idle,,False
15,cover_drive_good_04.mov,3,0.23447699664183347,idle,,False
15,cover_drive_good_04.mov,4,0.18984184649506314,idle,,False
15,cover_drive_good_04.mov,5,0.20581371622930295,idle,,False
15,cover_drive_good_04.mov,6,0.1543635817172734,idle,,False
15,cover_drive_good_04.mov,7,0.13469201102027892,idle,,False
15,cover_drive_good_04.mov,8,0.1351803390360967,idle,,False
15,cover_drive_good_04.mov,9,0.16294608867258745,idle,,False
15,cover_drive_good_04.mov,10,0.14385551301128527,idle,,False
15,cover_drive_good_04.mov,11,0.152363031701101,idle,,False
15,cover_drive_good_04.mov,12,0.14591048663505982,idle,,False
15,cover_drive_good_04.mov,13,0.1385683407705568,idle,,False
15,cover_drive_good_04.mov,14,0.1282781226092885,idle,,False
15,cover_drive_good_04.mov,15,0.13584123453864153,idle,,False
15,cover_drive_good_04.mov,16,0.2580846354799028,idle,,False
15,cover_drive_good_04.mov,17,0.2912104710000494,preparation,idle_to_preparation,False
15,cover_drive_good_04.mov,18,0.3415710063397013,backswing,preparation_to_backswing,False
15,cover_drive_good_04.mov,19,0.3706761802672623,swing,backswing_to_swing,False
15,cover_drive_good_04.mov,20,0.48535439091091526,swing,,False
15,cover_drive_good_04.mov,21,0.4482616700735758,swing,,False
15,cover_drive_good_04.mov,22,0.48883118369100226,swing,,False
15,cover_drive_good_04.mov,23,0.5062843589655347,swing,,False
15,cover_drive_good_04.mov,24,0.6327210725941113,swing,,False
15,cover_drive_good_04.mov,25,0.6469679191020388,swing,,False
15,cover_drive_good_04.mov,26,0.7337649257642698,swing,,False
15,cover_drive_good_04.mov,27,0.7229600537123365,swing,,False
15,cover_drive_good_04.mov,28,0.8307000868435561,swing,,False
15,cover_drive_good_04.mov,29,0.7208379310185996,swing,,False
15,cover_drive_good_04.mov,30,0.7605415276307633,swing,,False
15,cover_drive_good_04.mov,31,0.6443921463345135,swing,,False
15,cover_drive_good_04.mov,32,0.6617192580236101,swing,,False
15,cover_drive_good_04.mov,33,0.5317129258052716,swing,,False
15,cover_drive_good_04.mov,34,0.5026934173519456,swing,,False
15,cover_drive_good_04.mov,35,0.31971473868349903,swing,,False
15,cover_drive_good_04.mov,36,0.24480821794302382,swing,,False
15,cover_drive_good_04.mov,37,0.17354883762367798,follow_through,swing_to_follow_through,False
15,cover_drive_good_04.mov,38,0.13547771847632956,follow_through,,False
15,cover_drive_good_04.mov,39,0.11757642602973695,follow_through,,False
15,cover_drive_good_04.mov,40,0.16335078992273067,follow_through,,False
15,cover_drive_good_04.mov,41,0.23719926208091366,follow_through,,False
15,cover_drive_good_04.mov,42,0.31766577980488536,follow_through,,False
15,cover_drive_good_04.mov,43,0.35233373908717164,follow_through,,False
15,cover_drive_good_04.mov,44,0.44452124900499695,follow_through,,False
15,cover_drive_good_04.mov,45,0.44772172192251514,follow_through,,False
15,cover_drive_good_04.mov,46,0.4182029657838131,follow_through,,False
15,cover_drive_good_04.mov,47,0.3726666114296553,follow_through,,False
15,cover_drive_good_04.mov,48,0.38085106051080864,follow_through,,False
15,cover_drive_good_04.mov,49,0.28073526385226777,follow_through,,False
15,cover_drive_good_04.mov,50,0.24814733211321224,follow_through,,False
15,cover_drive_good_04.mov,51,0.2325210633461509,follow_through,,False
15,cover_drive_good_04.mov,52,0.23303290538560853,follow_through,,False
15,cover_drive_good_04.mov,53,0.17522407164222956,follow_through,,False
15,cover_drive_good_04.mov,54,0.20222337130380824,follow_through,,False
15,cover_drive_good_04.mov,55,0.18687483351555434,follow_through,,False
15,cover_drive_good_04.mov,56,0.17033439822619603,follow_through,,False
15,cover_drive_good_04.mov,57,0.16827169543380302,follow_through,,False
15,cover_drive_good_04.mov,58,0.20226738593768234,follow_through,,False
15,cover_drive_good_04.mov,59,0.19094114349994734,follow_through,,False
15,cover_drive_good_04.mov,59,0.19094114349994734,completed,sequence_end_to_completed,True
16,cover_drive_good_05.mov,0,0.10363778925938473,idle,,False
16,cover_drive_good_05.mov,1,0.17285437764491351,idle,,False
16,cover_drive_good_05.mov,2,0.19351029798625688,idle,,False
16,cover_drive_good_05.mov,3,0.276065254341733,idle,,False
16,cover_drive_good_05.mov,4,0.2909878551395923,preparation,idle_to_preparation,False
16,cover_drive_good_05.mov,5,0.26170562360258703,backswing,preparation_to_backswing,False
16,cover_drive_good_05.mov,6,0.22450219973048532,backswing,,False
16,cover_drive_good_05.mov,7,0.2348396477634903,backswing,,False
16,cover_drive_good_05.mov,8,0.1707705249586281,backswing,,False
16,cover_drive_good_05.mov,9,0.1353272901157124,swing,backswing_to_swing_by_duration,False
16,cover_drive_good_05.mov,10,0.12937927315771042,follow_through,swing_to_follow_through,False
16,cover_drive_good_05.mov,11,0.140354725930713,follow_through,,False
16,cover_drive_good_05.mov,12,0.15170889228327583,follow_through,,False
16,cover_drive_good_05.mov,13,0.22858800953895353,follow_through,,False
16,cover_drive_good_05.mov,14,0.25446800853315227,follow_through,,False
16,cover_drive_good_05.mov,15,0.2627454350618066,follow_through,,False
16,cover_drive_good_05.mov,16,0.2386217959660005,follow_through,,False
16,cover_drive_good_05.mov,17,0.23930297177574633,follow_through,,False
16,cover_drive_good_05.mov,18,0.23734380912179812,follow_through,,False
16,cover_drive_good_05.mov,19,0.25034583469138677,follow_through,,False
16,cover_drive_good_05.mov,20,0.4150971003480366,follow_through,,False
16,cover_drive_good_05.mov,21,0.5956070612619627,follow_through,,False
16,cover_drive_good_05.mov,22,0.6025251121906194,follow_through,,False
16,cover_drive_good_05.mov,23,0.5247808887075669,follow_through,,False
16,cover_drive_good_05.mov,24,0.4903178729808238,follow_through,,False
16,cover_drive_good_05.mov,25,0.3451119642328002,follow_through,,False
16,cover_drive_good_05.mov,26,0.2094811922216416,follow_through,,False
16,cover_drive_good_05.mov,27,0.23367468969795302,follow_through,,False
16,cover_drive_good_05.mov,28,0.4180131250286623,follow_through,,False
16,cover_drive_good_05.mov,29,0.5926785172869926,follow_through,,False
16,cover_drive_good_05.mov,30,0.5797797677902111,follow_through,,False
16,cover_drive_good_05.mov,31,0.6210299097566508,follow_through,,False
16,cover_drive_good_05.mov,32,0.6267547896281804,follow_through,,False
16,cover_drive_good_05.mov,33,0.45440014890083014,follow_through,,False
16,cover_drive_good_05.mov,34,0.29561380432963485,follow_through,,False
16,cover_drive_good_05.mov,35,0.2889121621132164,follow_through,,False
16,cover_drive_good_05.mov,36,0.2144998206628095,follow_through,,False
16,cover_drive_good_05.mov,37,0.17333993450418902,follow_through,,False
16,cover_drive_good_05.mov,38,0.15896790113600578,follow_through,,False
16,cover_drive_good_05.mov,39,0.15747221118923324,follow_through,,False
16,cover_drive_good_05.mov,40,0.17895941216164832,follow_through,,False
16,cover_drive_good_05.mov,41,0.19022375423465462,follow_through,,False
16,cover_drive_good_05.mov,42,0.174547738583159,follow_through,,False
16,cover_drive_good_05.mov,43,0.2073816814140388,follow_through,,False
16,cover_drive_good_05.mov,44,0.31830529850305816,follow_through,,False
16,cover_drive_good_05.mov,45,0.3236604475858024,follow_through,,False
16,cover_drive_good_05.mov,46,0.36080895745229286,follow_through,,False
16,cover_drive_good_05.mov,47,0.3843927003461929,follow_through,,False
16,cover_drive_good_05.mov,48,0.3941462481091102,follow_through,,False
16,cover_drive_good_05.mov,49,0.27292639893767756,follow_through,,False
16,cover_drive_good_05.mov,50,0.23229043073804603,follow_through,,False
16,cover_drive_good_05.mov,51,0.17365645561199378,follow_through,,False
16,cover_drive_good_05.mov,52,0.15677030221878036,follow_through,,False
16,cover_drive_good_05.mov,53,0.12353640408735563,follow_through,,False
16,cover_drive_good_05.mov,54,0.11249431109176833,follow_through,,False
16,cover_drive_good_05.mov,55,0.10004245100268894,follow_through,,False
16,cover_drive_good_05.mov,56,0.11935507447797103,follow_through,,False
16,cover_drive_good_05.mov,57,0.11918154657316822,completed,follow_through_to_completed,True
16,cover_drive_good_05.mov,58,0.12610792680525185,cooldown,completed_to_cooldown,False
16,cover_drive_good_05.mov,59,0.1372815850001428,cooldown,,False
17,cover_drive_good_06.mov,0,0.049030212035490996,idle,,False
17,cover_drive_good_06.mov,1,0.08683991330528176,idle,,False
17,cover_drive_good_06.mov,2,0.12323553144169787,idle,,False
17,cover_drive_good_06.mov,3,0.1622266556736348,idle,,False
17,cover_drive_good_06.mov,4,0.15116238419728467,idle,,False
17,cover_drive_good_06.mov,5,0.13946290704215575,idle,,False
17,cover_drive_good_06.mov,6,0.12045413815262433,idle,,False
17,cover_drive_good_06.mov,7,0.09350160892501905,idle,,False
17,cover_drive_good_06.mov,8,0.05956502477130577,idle,,False
17,cover_drive_good_06.mov,9,0.0568370362346735,idle,,False
17,cover_drive_good_06.mov,10,0.09826594541799087,idle,,False
17,cover_drive_good_06.mov,11,0.11829273890637727,idle,,False
17,cover_drive_good_06.mov,12,0.16256404731200758,idle,,False
17,cover_drive_good_06.mov,13,0.2272730638251722,idle,,False
17,cover_drive_good_06.mov,14,0.25919299211105806,idle,,False
17,cover_drive_good_06.mov,15,0.241320611903356,idle,,False
17,cover_drive_good_06.mov,16,0.22389728249143986,idle,,False
17,cover_drive_good_06.mov,17,0.21118832565877682,idle,,False
17,cover_drive_good_06.mov,18,0.15231648416193758,idle,,False
17,cover_drive_good_06.mov,19,0.12048617810203423,idle,,False
17,cover_drive_good_06.mov,20,0.10894486635711131,idle,,False
17,cover_drive_good_06.mov,21,0.10387113865717157,idle,,False
17,cover_drive_good_06.mov,22,0.11635942060606032,idle,,False
17,cover_drive_good_06.mov,23,0.16832360966060358,idle,,False
17,cover_drive_good_06.mov,24,0.35192577609712844,preparation,idle_to_preparation,False
17,cover_drive_good_06.mov,25,0.5120527313783807,backswing,preparation_to_backswing,False
17,cover_drive_good_06.mov,26,0.6957220626215908,swing,backswing_to_swing,False
17,cover_drive_good_06.mov,27,0.7676709251152123,swing,,False
17,cover_drive_good_06.mov,28,0.8419959330558255,swing,,False
17,cover_drive_good_06.mov,29,0.8446148237055061,swing,,False
17,cover_drive_good_06.mov,30,0.8053885113159149,swing,,False
17,cover_drive_good_06.mov,31,0.7616060912827912,swing,,False
17,cover_drive_good_06.mov,32,0.8361635063585029,swing,,False
17,cover_drive_good_06.mov,33,0.8989825942687975,swing,,False
17,cover_drive_good_06.mov,34,0.8232399266392575,swing,,False
17,cover_drive_good_06.mov,35,0.7208959301277624,swing,,False
17,cover_drive_good_06.mov,36,0.6478731520415593,swing,,False
17,cover_drive_good_06.mov,37,0.5218834149942768,swing,,False
17,cover_drive_good_06.mov,38,0.35993712934365923,swing,,False
17,cover_drive_good_06.mov,39,0.26162102695397144,swing,,False
17,cover_drive_good_06.mov,40,0.25504008212764084,swing,,False
17,cover_drive_good_06.mov,41,0.18787803495489344,swing,,False
17,cover_drive_good_06.mov,42,0.15061825928506853,follow_through,swing_to_follow_through,False
17,cover_drive_good_06.mov,43,0.14553412466155646,follow_through,,False
17,cover_drive_good_06.mov,44,0.186667678212972,follow_through,,False
17,cover_drive_good_06.mov,45,0.23943614187938805,follow_through,,False
17,cover_drive_good_06.mov,46,0.2594315841615051,follow_through,,False
17,cover_drive_good_06.mov,47,0.32503384601415397,follow_through,,False
17,cover_drive_good_06.mov,48,0.4105609522339543,follow_through,,False
17,cover_drive_good_06.mov,49,0.4074066524010495,follow_through,,False
17,cover_drive_good_06.mov,50,0.40358928882003653,follow_through,,False
17,cover_drive_good_06.mov,51,0.41982967156274986,follow_through,,False
17,cover_drive_good_06.mov,52,0.38135290185095727,follow_through,,False
17,cover_drive_good_06.mov,53,0.31863195890280227,follow_through,,False
17,cover_drive_good_06.mov,54,0.2763161172859895,follow_through,,False
17,cover_drive_good_06.mov,55,0.2660867052131053,follow_through,,False
17,cover_drive_good_06.mov,56,0.28366325835436157,follow_through,,False
17,cover_drive_good_06.mov,57,0.2547276345897928,follow_through,,False
17,cover_drive_good_06.mov,58,0.23389224725145735,follow_through,,False
17,cover_drive_good_06.mov,59,0.24767125255656494,follow_through,,False
17,cover_drive_good_06.mov,59,0.24767125255656494,completed,sequence_end_to_completed,True
18,cover_drive_good_07.mov,0,0.043633638403268414,idle,,False
18,cover_drive_good_07.mov,1,0.07295869763280927,idle,,False
18,cover_drive_good_07.mov,2,0.08719380564877188,idle,,False
18,cover_drive_good_07.mov,3,0.0988211130112473,idle,,False
18,cover_drive_good_07.mov,4,0.08135575269689968,idle,,False
18,cover_drive_good_07.mov,5,0.09323077247261065,idle,,False
18,cover_drive_good_07.mov,6,0.07323685320954465,idle,,False
18,cover_drive_good_07.mov,7,0.0874776910584019,idle,,False
18,cover_drive_good_07.mov,8,0.08730508794354906,idle,,False
18,cover_drive_good_07.mov,9,0.09181666740884592,idle,,False
18,cover_drive_good_07.mov,10,0.10305473829586645,idle,,False
18,cover_drive_good_07.mov,11,0.11195070667064544,idle,,False
18,cover_drive_good_07.mov,12,0.10084557182670348,idle,,False
18,cover_drive_good_07.mov,13,0.14487519515159172,idle,,False
18,cover_drive_good_07.mov,14,0.15652889949991902,idle,,False
18,cover_drive_good_07.mov,15,0.1705117848532125,idle,,False
18,cover_drive_good_07.mov,16,0.18303122972150881,idle,,False
18,cover_drive_good_07.mov,17,0.26540751614447705,idle,,False
18,cover_drive_good_07.mov,18,0.3440516487596724,preparation,idle_to_preparation,False
18,cover_drive_good_07.mov,19,0.4509533833791768,backswing,preparation_to_backswing,False
18,cover_drive_good_07.mov,20,0.4447835284846979,swing,backswing_to_swing,False
18,cover_drive_good_07.mov,21,0.6064194142539417,swing,,False
18,cover_drive_good_07.mov,22,0.7066723168100957,swing,,False
18,cover_drive_good_07.mov,23,0.7725438566223894,swing,,False
18,cover_drive_good_07.mov,24,0.8347924981390664,swing,,False
18,cover_drive_good_07.mov,25,0.9885166734415974,swing,,False
18,cover_drive_good_07.mov,26,0.9952398644670439,swing,,False
18,cover_drive_good_07.mov,27,0.9038526778981172,swing,,False
18,cover_drive_good_07.mov,28,0.7863865659295093,swing,,False
18,cover_drive_good_07.mov,29,0.6893122017913019,swing,,False
18,cover_drive_good_07.mov,30,0.5889251352076103,swing,,False
18,cover_drive_good_07.mov,31,0.47213205888153703,swing,,False
18,cover_drive_good_07.mov,32,0.40118156882628614,swing,,False
18,cover_drive_good_07.mov,33,0.3867456346864685,swing,,False
18,cover_drive_good_07.mov,34,0.40624589692552443,swing,,False
18,cover_drive_good_07.mov,35,0.48052040377353444,swing,,False
18,cover_drive_good_07.mov,36,0.4805765662350551,swing,,False
18,cover_drive_good_07.mov,37,0.47474771070802946,swing,,False
18,cover_drive_good_07.mov,38,0.4674060982856114,swing,,False
18,cover_drive_good_07.mov,39,0.3903943028405046,swing,,False
18,cover_drive_good_07.mov,40,0.2874347170089813,swing,,False
18,cover_drive_good_07.mov,41,0.2538362431753594,swing,,False
18,cover_drive_good_07.mov,42,0.2581063788783714,swing,,False
18,cover_drive_good_07.mov,43,0.22391780810251063,swing,,False
18,cover_drive_good_07.mov,44,0.19601902574993219,swing,,False
18,cover_drive_good_07.mov,45,0.14815314577334543,follow_through,swing_to_follow_through,False
18,cover_drive_good_07.mov,46,0.12010375250967138,follow_through,,False
18,cover_drive_good_07.mov,47,0.10962849222361787,follow_through,,False
18,cover_drive_good_07.mov,48,0.10755241048172404,follow_through,,False
18,cover_drive_good_07.mov,49,0.10782546515496301,follow_through,,False
18,cover_drive_good_07.mov,50,0.10616049175678893,completed,follow_through_to_completed,True
18,cover_drive_good_07.mov,51,0.1035397153090718,cooldown,completed_to_cooldown,False
18,cover_drive_good_07.mov,52,0.10217343426867377,cooldown,,False
18,cover_drive_good_07.mov,53,0.12598682331661618,cooldown,,False
18,cover_drive_good_07.mov,54,0.11930866870620081,cooldown,,False
18,cover_drive_good_07.mov,55,0.119910538167872,cooldown,,False
18,cover_drive_good_07.mov,56,0.11954512399272774,cooldown,,False
18,cover_drive_good_07.mov,57,0.1356069271343979,cooldown,,False
18,cover_drive_good_07.mov,58,0.12762571450208107,cooldown,,False
18,cover_drive_good_07.mov,59,0.15683935950312133,idle,cooldown_to_idle,False
19,cover_drive_good_08.mov,0,0.042821941616281896,idle,,False
19,cover_drive_good_08.mov,1,0.05574158438898264,idle,,False
19,cover_drive_good_08.mov,2,0.06832197664124808,idle,,False
19,cover_drive_good_08.mov,3,0.08256379448958763,idle,,False
19,cover_drive_good_08.mov,4,0.06212823912453882,idle,,False
19,cover_drive_good_08.mov,5,0.06384152350293526,idle,,False
19,cover_drive_good_08.mov,6,0.058877509539179786,idle,,False
19,cover_drive_good_08.mov,7,0.06174771891800286,idle,,False
19,cover_drive_good_08.mov,8,0.05873154524076409,idle,,False
19,cover_drive_good_08.mov,9,0.06591244128746467,idle,,False
19,cover_drive_good_08.mov,10,0.06883120378374433,idle,,False
19,cover_drive_good_08.mov,11,0.08066414782846665,idle,,False
19,cover_drive_good_08.mov,12,0.09484531032846884,idle,,False
19,cover_drive_good_08.mov,13,0.15759887978139195,idle,,False
19,cover_drive_good_08.mov,14,0.2150915458274909,idle,,False
19,cover_drive_good_08.mov,15,0.2555869741193277,idle,,False
19,cover_drive_good_08.mov,16,0.2837125315850479,preparation,idle_to_preparation,False
19,cover_drive_good_08.mov,17,0.4234826801613711,backswing,preparation_to_backswing,False
19,cover_drive_good_08.mov,18,0.5491406996370143,swing,backswing_to_swing,False
19,cover_drive_good_08.mov,19,0.5260909738999607,swing,,False
19,cover_drive_good_08.mov,20,0.6034118821920232,swing,,False
19,cover_drive_good_08.mov,21,0.6753643571578316,swing,,False
19,cover_drive_good_08.mov,22,0.7059624444504178,swing,,False
19,cover_drive_good_08.mov,23,0.700778766994897,swing,,False
19,cover_drive_good_08.mov,24,0.7038384705211842,swing,,False
19,cover_drive_good_08.mov,25,0.6545023470694186,swing,,False
19,cover_drive_good_08.mov,26,0.6560074542753146,swing,,False
19,cover_drive_good_08.mov,27,0.6001127884319739,swing,,False
19,cover_drive_good_08.mov,28,0.6056592327878274,swing,,False
19,cover_drive_good_08.mov,29,0.7162208702141405,swing,,False
19,cover_drive_good_08.mov,30,0.7227689296622186,swing,,False
19,cover_drive_good_08.mov,31,0.6544268705330638,swing,,False
19,cover_drive_good_08.mov,32,0.608497143999382,swing,,False
19,cover_drive_good_08.mov,33,0.608497143999382,swing,,False
19,cover_drive_good_08.mov,34,0.5204046635011298,swing,,False
19,cover_drive_good_08.mov,35,0.5309411751788011,swing,,False
19,cover_drive_good_08.mov,36,0.5249120162292846,swing,,False
19,cover_drive_good_08.mov,37,0.607723573340459,swing,,False
19,cover_drive_good_08.mov,38,0.48676963072798046,swing,,False
19,cover_drive_good_08.mov,39,0.4915325059494919,swing,,False
19,cover_drive_good_08.mov,40,0.4396199611267401,swing,,False
19,cover_drive_good_08.mov,41,0.4873138978025459,swing,,False
19,cover_drive_good_08.mov,42,0.3810592349105431,swing,,False
19,cover_drive_good_08.mov,43,0.3836771841102591,swing,,False
19,cover_drive_good_08.mov,44,0.3530525740174349,swing,,False
19,cover_drive_good_08.mov,45,0.3519473528439364,swing,,False
19,cover_drive_good_08.mov,46,0.31707556983430396,swing,,False
19,cover_drive_good_08.mov,47,0.28499942914136756,swing,,False
19,cover_drive_good_08.mov,48,0.24199132194266293,swing,,False
19,cover_drive_good_08.mov,49,0.21229180623362137,swing,,False
19,cover_drive_good_08.mov,50,0.2065777842621341,swing,,False
19,cover_drive_good_08.mov,51,0.16646770426993612,follow_through,swing_to_follow_through,False
19,cover_drive_good_08.mov,52,0.1790863526655297,follow_through,,False
19,cover_drive_good_08.mov,53,0.16363584326176128,follow_through,,False
19,cover_drive_good_08.mov,54,0.16682061767456638,follow_through,,False
19,cover_drive_good_08.mov,55,0.23855586816178262,follow_through,,False
19,cover_drive_good_08.mov,56,0.27761526530526903,follow_through,,False
19,cover_drive_good_08.mov,57,0.2506125353884073,follow_through,,False
19,cover_drive_good_08.mov,58,0.25567942503158736,follow_through,,False
19,cover_drive_good_08.mov,59,0.2584232369219305,follow_through,,False
19,cover_drive_good_08.mov,59,0.2584232369219305,completed,sequence_end_to_completed,True
20,defensive_shot_average_01.mov,0,0.06371676975459674,idle,,False
20,defensive_shot_average_01.mov,1,0.11379029783004556,idle,,False
20,defensive_shot_average_01.mov,2,0.20357621954931848,idle,,False
20,defensive_shot_average_01.mov,3,0.28711317113148094,preparation,idle_to_preparation,False
20,defensive_shot_average_01.mov,4,0.31693100797754387,backswing,preparation_to_backswing,False
20,defensive_shot_average_01.mov,5,0.3470313237810451,swing,backswing_to_swing,False
20,defensive_shot_average_01.mov,6,0.37252937646880524,swing,,False
20,defensive_shot_average_01.mov,7,0.3594988877292604,swing,,False
20,defensive_shot_average_01.mov,8,0.45708861930615113,swing,,False
20,defensive_shot_average_01.mov,9,0.5203889776820952,swing,,False
20,defensive_shot_average_01.mov,10,0.6708350304266542,swing,,False
20,defensive_shot_average_01.mov,11,0.6456006154784176,swing,,False
20,defensive_shot_average_01.mov,12,0.609096546131337,swing,,False
20,defensive_shot_average_01.mov,13,0.4515643748673658,swing,,False
20,defensive_shot_average_01.mov,14,0.34829558680308376,swing,,False
20,defensive_shot_average_01.mov,15,0.15780008927434758,follow_through,swing_to_follow_through,False
20,defensive_shot_average_01.mov,16,0.12302278660051995,follow_through,,False
20,defensive_shot_average_01.mov,17,0.09951647208848026,follow_through,,False
20,defensive_shot_average_01.mov,18,0.106763851250854,follow_through,,False
20,defensive_shot_average_01.mov,19,0.10720370209785783,follow_through,,False
20,defensive_shot_average_01.mov,20,0.18158989765748187,follow_through,,False
20,defensive_shot_average_01.mov,21,0.19158334529722867,follow_through,,False
20,defensive_shot_average_01.mov,22,0.37465632793189013,follow_through,,False
20,defensive_shot_average_01.mov,23,0.4373407729498618,follow_through,,False
20,defensive_shot_average_01.mov,24,0.4441102145152087,follow_through,,False
20,defensive_shot_average_01.mov,25,0.4058705219876072,follow_through,,False
20,defensive_shot_average_01.mov,26,0.4720899281217075,follow_through,,False
20,defensive_shot_average_01.mov,27,0.4302510009953783,follow_through,,False
20,defensive_shot_average_01.mov,28,0.4065206592673686,follow_through,,False
20,defensive_shot_average_01.mov,29,0.565198821394636,follow_through,,False
20,defensive_shot_average_01.mov,30,0.7195478158913495,follow_through,,False
20,defensive_shot_average_01.mov,31,0.7142199475638779,follow_through,,False
20,defensive_shot_average_01.mov,32,0.6200404586833566,follow_through,,False
20,defensive_shot_average_01.mov,33,0.5774164104365707,follow_through,,False
20,defensive_shot_average_01.mov,34,0.42879575082380983,follow_through,,False
20,defensive_shot_average_01.mov,35,0.2674174912274685,follow_through,,False
20,defensive_shot_average_01.mov,36,0.20225328681488555,follow_through,,False
20,defensive_shot_average_01.mov,37,0.19033550070100252,follow_through,,False
20,defensive_shot_average_01.mov,38,0.20883263300657873,follow_through,,False
20,defensive_shot_average_01.mov,39,0.24950687372591865,follow_through,,False
20,defensive_shot_average_01.mov,40,0.3043818271875624,follow_through,,False
20,defensive_shot_average_01.mov,41,0.4722166292672942,follow_through,,False
20,defensive_shot_average_01.mov,42,0.5340440234803271,follow_through,,False
20,defensive_shot_average_01.mov,43,0.6247279946718419,follow_through,,False
20,defensive_shot_average_01.mov,44,0.6539868397571063,follow_through,,False
20,defensive_shot_average_01.mov,45,0.6205676131444078,follow_through,,False
20,defensive_shot_average_01.mov,46,0.48776292555485096,follow_through,,False
20,defensive_shot_average_01.mov,47,0.44987717867482885,follow_through,,False
20,defensive_shot_average_01.mov,48,0.37904891866000456,follow_through,,False
20,defensive_shot_average_01.mov,49,0.29048352199871835,follow_through,,False
20,defensive_shot_average_01.mov,50,0.30516659655208406,follow_through,,False
20,defensive_shot_average_01.mov,51,0.3116165129441603,follow_through,,False
20,defensive_shot_average_01.mov,52,0.31043606651116695,follow_through,,False
20,defensive_shot_average_01.mov,53,0.2818156343113323,follow_through,,False
20,defensive_shot_average_01.mov,54,0.30382452404272287,follow_through,,False
20,defensive_shot_average_01.mov,55,0.2832627496366809,follow_through,,False
20,defensive_shot_average_01.mov,56,0.25537023540757753,follow_through,,False
20,defensive_shot_average_01.mov,57,0.2202482085761529,follow_through,,False
20,defensive_shot_average_01.mov,58,0.22286485489621746,follow_through,,False
20,defensive_shot_average_01.mov,59,0.2076299393373982,follow_through,,False
20,defensive_shot_average_01.mov,59,0.2076299393373982,completed,sequence_end_to_completed,True
21,defensive_shot_average_02.mov,0,0.2525864097740799,idle,,False
21,defensive_shot_average_02.mov,1,0.3415785801508557,preparation,idle_to_preparation,False
21,defensive_shot_average_02.mov,2,0.413177060724008,backswing,preparation_to_backswing,False
21,defensive_shot_average_02.mov,3,0.5155521973418399,swing,backswing_to_swing,False
21,defensive_shot_average_02.mov,4,0.4188052956074487,swing,,False
21,defensive_shot_average_02.mov,5,0.5142123824008139,swing,,False
21,defensive_shot_average_02.mov,6,0.5825701607287231,swing,,False
21,defensive_shot_average_02.mov,7,0.7012135414688483,swing,,False
21,defensive_shot_average_02.mov,8,0.7204361404341647,swing,,False
21,defensive_shot_average_02.mov,9,0.7093455904069237,swing,,False
21,defensive_shot_average_02.mov,10,0.5936481097509082,swing,,False
21,defensive_shot_average_02.mov,11,0.47746115576479686,swing,,False
21,defensive_shot_average_02.mov,12,0.29507265362534885,swing,,False
21,defensive_shot_average_02.mov,13,0.18472961560194395,swing,,False
21,defensive_shot_average_02.mov,14,0.10707973834456941,follow_through,swing_to_follow_through,False
21,defensive_shot_average_02.mov,15,0.08631431262581374,follow_through,,False
21,defensive_shot_average_02.mov,16,0.05972859720423733,follow_through,,False
21,defensive_shot_average_02.mov,17,0.07682338732347581,completed,follow_through_to_completed,True
21,defensive_shot_average_02.mov,18,0.1026653264327106,cooldown,completed_to_cooldown,False
21,defensive_shot_average_02.mov,19,0.11393907789132281,cooldown,,False
21,defensive_shot_average_02.mov,20,0.30071382272382763,cooldown,,False
21,defensive_shot_average_02.mov,21,0.3624323474254104,cooldown,,False
21,defensive_shot_average_02.mov,22,0.42665660936346567,cooldown,,False
21,defensive_shot_average_02.mov,23,0.468976246189109,cooldown,,False
21,defensive_shot_average_02.mov,24,0.557332639270126,cooldown,,False
21,defensive_shot_average_02.mov,25,0.4291507297823399,cooldown,,False
21,defensive_shot_average_02.mov,26,0.45371001030015606,cooldown,,False
21,defensive_shot_average_02.mov,27,0.4907979139747974,cooldown,,False
21,defensive_shot_average_02.mov,28,0.5907355955470707,cooldown,,False
21,defensive_shot_average_02.mov,29,0.6782874450012696,cooldown,,False
21,defensive_shot_average_02.mov,30,0.8064693544890555,cooldown,,False
21,defensive_shot_average_02.mov,31,0.8347759284406,cooldown,,False
21,defensive_shot_average_02.mov,32,0.8206718931219673,cooldown,,False
21,defensive_shot_average_02.mov,33,0.746344888497459,cooldown,,False
21,defensive_shot_average_02.mov,34,0.7348909219916464,cooldown,,False
21,defensive_shot_average_02.mov,35,0.5774176124639373,cooldown,,False
21,defensive_shot_average_02.mov,36,0.5116329692577314,cooldown,,False
21,defensive_shot_average_02.mov,37,0.44966616096966183,cooldown,,False
21,defensive_shot_average_02.mov,38,0.3640240311796039,cooldown,,False
21,defensive_shot_average_02.mov,39,0.20185985931056813,cooldown,,False
21,defensive_shot_average_02.mov,40,0.18097909737740028,cooldown,,False
21,defensive_shot_average_02.mov,41,0.1468249184281281,idle,cooldown_to_idle,False
21,defensive_shot_average_02.mov,42,0.16377777751569142,idle,,False
21,defensive_shot_average_02.mov,43,0.17188300827265668,idle,,False
21,defensive_shot_average_02.mov,44,0.25373593712625847,idle,,False
21,defensive_shot_average_02.mov,45,0.412196677269359,preparation,idle_to_preparation,False
21,defensive_shot_average_02.mov,46,0.5621987731260223,backswing,preparation_to_backswing,False
21,defensive_shot_average_02.mov,47,0.6097901688017481,swing,backswing_to_swing,False
21,defensive_shot_average_02.mov,48,0.7297196570596457,swing,,False
21,defensive_shot_average_02.mov,49,0.783552180699992,swing,,False
21,defensive_shot_average_02.mov,50,0.6699681815690963,swing,,False
21,defensive_shot_average_02.mov,51,0.5867901394011004,swing,,False
21,defensive_shot_average_02.mov,52,0.5121062390716926,swing,,False
21,defensive_shot_average_02.mov,53,0.3943929898912607,swing,,False
21,defensive_shot_average_02.mov,54,0.3639589647814406,swing,,False
21,defensive_shot_average_02.mov,55,0.3706007044372805,swing,,False
21,defensive_shot_average_02.mov,56,0.3312401771946029,swing,,False
21,defensive_shot_average_02.mov,57,0.3697466250890408,swing,,False
21,defensive_shot_average_02.mov,58,0.41859660822966227,swing,,False
21,defensive_shot_average_02.mov,59,0.36551959284776375,swing,,False
22,defensive_shot_average_03.mov,0,0.07039732307149026,idle,,False
22,defensive_shot_average_03.mov,1,0.0893800203194843,idle,,False
22,defensive_shot_average_03.mov,2,0.10764185643024127,idle,,False
22,defensive_shot_average_03.mov,3,0.13624312673666555,idle,,False
22,defensive_shot_average_03.mov,4,0.0989252030597847,idle,,False
22,defensive_shot_average_03.mov,5,0.08886963808217915,idle,,False
22,defensive_shot_average_03.mov,6,0.09572107467346333,idle,,False
22,defensive_shot_average_03.mov,7,0.09295059890074672,idle,,False
22,defensive_shot_average_03.mov,8,0.07199042786545133,idle,,False
22,defensive_shot_average_03.mov,9,0.07724724306446354,idle,,False
22,defensive_shot_average_03.mov,10,0.07484072264256011,idle,,False
22,defensive_shot_average_03.mov,11,0.06959340651717454,idle,,False
22,defensive_shot_average_03.mov,12,0.08456084253753668,idle,,False
22,defensive_shot_average_03.mov,13,0.08957655372465247,idle,,False
22,defensive_shot_average_03.mov,14,0.10998988267608743,idle,,False
22,defensive_shot_average_03.mov,15,0.1276203413049131,idle,,False
22,defensive_shot_average_03.mov,16,0.13126675679022792,idle,,False
22,defensive_shot_average_03.mov,17,0.1939570332323777,idle,,False
22,defensive_shot_average_03.mov,18,0.26720389081956486,idle,,False
22,defensive_shot_average_03.mov,19,0.2682765953333559,idle,,False
22,defensive_shot_average_03.mov,20,0.28486954794441627,preparation,idle_to_preparation,False
22,defensive_shot_average_03.mov,21,0.3432784165407681,backswing,preparation_to_backswing,False
22,defensive_shot_average_03.mov,22,0.302114086825025,swing,backswing_to_swing,False
22,defensive_shot_average_03.mov,23,0.3667194513006813,swing,,False
22,defensive_shot_average_03.mov,24,0.43597643262081265,swing,,False
22,defensive_shot_average_03.mov,25,0.5126007400760407,swing,,False
22,defensive_shot_average_03.mov,26,0.49080088032188113,swing,,False
22,defensive_shot_average_03.mov,27,0.556691230421293,swing,,False
22,defensive_shot_average_03.mov,28,0.5640166283862104,swing,,False
22,defensive_shot_average_03.mov,29,0.5191537800340249,swing,,False
22,defensive_shot_average_03.mov,30,0.5118836593097756,swing,,False
22,defensive_shot_average_03.mov,31,0.5499417033670871,swing,,False
22,defensive_shot_average_03.mov,32,0.5327270301409712,swing,,False
22,defensive_shot_average_03.mov,33,0.4074415813381924,swing,,False
22,defensive_shot_average_03.mov,34,0.42641471443889084,swing,,False
22,defensive_shot_average_03.mov,35,0.46311559561949894,swing,,False
22,defensive_shot_average_03.mov,36,0.5642153095207878,swing,,False
22,defensive_shot_average_03.mov,37,0.6428653212570185,swing,,False
22,defensive_shot_average_03.mov,38,0.8103163395737918,swing,,False
22,defensive_shot_average_03.mov,39,0.9285738273958073,swing,,False
22,defensive_shot_average_03.mov,40,0.8440703480910884,swing,,False
22,defensive_shot_average_03.mov,41,0.8434294172772472,swing,,False
22,defensive_shot_average_03.mov,42,0.8495941717538565,swing,,False
22,defensive_shot_average_03.mov,43,0.7268814658732548,swing,,False
22,defensive_shot_average_03.mov,44,0.6447693477491131,swing,,False
22,defensive_shot_average_03.mov,45,0.684274979097239,swing,,False
22,defensive_shot_average_03.mov,46,0.5641098477538554,swing,,False
22,defensive_shot_average_03.mov,47,0.47746911599217756,swing,,False
22,defensive_shot_average_03.mov,48,0.48280421880599367,swing,,False
22,defensive_shot_average_03.mov,49,0.48327523573525666,swing,,False
22,defensive_shot_average_03.mov,50,0.5016187865013858,swing,,False
22,defensive_shot_average_03.mov,51,0.4970751064200892,swing,,False
22,defensive_shot_average_03.mov,52,0.4965739144837169,swing,,False
22,defensive_shot_average_03.mov,53,0.48256101604173735,swing,,False
22,defensive_shot_average_03.mov,54,0.4411268160404482,swing,,False
22,defensive_shot_average_03.mov,55,0.39850295911316735,swing,,False
22,defensive_shot_average_03.mov,56,0.48853798814237975,swing,,False
22,defensive_shot_average_03.mov,57,0.47976597154825845,swing,,False
22,defensive_shot_average_03.mov,58,0.5007177189357975,swing,,False
22,defensive_shot_average_03.mov,59,0.5133542660107393,swing,,False
22,defensive_shot_average_03.mov,59,0.5133542660107393,completed,sequence_end_to_completed,True
23,defensive_shot_average_04.mov,0,0.019905973805678826,idle,,False
23,defensive_shot_average_04.mov,1,0.023244221683901577,idle,,False
23,defensive_shot_average_04.mov,2,0.028864068833912213,idle,,False
23,defensive_shot_average_04.mov,3,0.03748306886010053,idle,,False
23,defensive_shot_average_04.mov,4,0.026764710470991132,idle,,False
23,defensive_shot_average_04.mov,5,0.026033568206818875,idle,,False
23,defensive_shot_average_04.mov,6,0.025932069479996486,idle,,False
23,defensive_shot_average_04.mov,7,0.022645198580899466,idle,,False
23,defensive_shot_average_04.mov,8,0.016966276156818946,idle,,False
23,defensive_shot_average_04.mov,9,0.016436260491122828,idle,,False
23,defensive_shot_average_04.mov,10,0.022683555148547262,idle,,False
23,defensive_shot_average_04.mov,11,0.022004774913304746,idle,,False
23,defensive_shot_average_04.mov,12,0.026255891817056884,idle,,False
23,defensive_shot_average_04.mov,13,0.038992606243645166,idle,,False
23,defensive_shot_average_04.mov,14,0.04759010105914429,idle,,False
23,defensive_shot_average_04.mov,15,0.06259505984062336,idle,,False
23,defensive_shot_average_04.mov,16,0.1023278032682786,idle,,False
23,defensive_shot_average_04.mov,17,0.14917457215855712,idle,,False
23,defensive_shot_average_04.mov,18,0.16683472098620983,idle,,False
23,defensive_shot_average_04.mov,19,0.17794132173672395,idle,,False
23,defensive_shot_average_04.mov,20,0.26835655347367177,idle,,False
23,defensive_shot_average_04.mov,21,0.3153562582758859,preparation,idle_to_preparation,False
23,defensive_shot_average_04.mov,22,0.417940863193552,backswing,preparation_to_backswing,False
23,defensive_shot_average_04.mov,23,0.4308498776228892,swing,backswing_to_swing,False
23,defensive_shot_average_04.mov,24,0.6059059429278941,swing,,False
23,defensive_shot_average_04.mov,25,0.5664867979446906,swing,,False
23,defensive_shot_average_04.mov,26,0.5738965474147958,swing,,False
23,defensive_shot_average_04.mov,27,0.43593577200287476,swing,,False
23,defensive_shot_average_04.mov,28,0.4780489444070474,swing,,False
23,defensive_shot_average_04.mov,29,0.4780489444070474,swing,,False
23,defensive_shot_average_04.mov,30,0.4479373735916012,swing,,False
23,defensive_shot_average_04.mov,31,0.38791650065858485,swing,,False
23,defensive_shot_average_04.mov,32,0.41184659764136244,swing,,False
23,defensive_shot_average_04.mov,33,0.3879247091492737,swing,,False
23,defensive_shot_average_04.mov,34,0.3879247091492737,swing,,False
23,defensive_shot_average_04.mov,35,0.4447382349275403,swing,,False
23,defensive_shot_average_04.mov,36,0.6073018802754068,swing,,False
23,defensive_shot_average_04.mov,37,0.6882122587372577,swing,,False
23,defensive_shot_average_04.mov,38,0.744418674954035,swing,,False
23,defensive_shot_average_04.mov,39,0.6351171984382565,swing,,False
23,defensive_shot_average_04.mov,40,0.5699270244167021,swing,,False
23,defensive_shot_average_04.mov,41,0.4147260153737943,swing,,False
23,defensive_shot_average_04.mov,42,0.3175526522968171,swing,,False
23,defensive_shot_average_04.mov,43,0.22136361483479797,swing,,False
23,defensive_shot_average_04.mov,44,0.15087922604076182,follow_through,swing_to_follow_through,False
23,defensive_shot_average_04.mov,45,0.13925571223415636,follow_through,,False
23,defensive_shot_average_04.mov,46,0.11779488578201336,follow_through,,False
23,defensive_shot_average_04.mov,47,0.12040851318513852,follow_through,,False
23,defensive_shot_average_04.mov,48,0.12330520681749872,follow_through,,False
23,defensive_shot_average_04.mov,49,0.13454219533603423,follow_through,,False
23,defensive_shot_average_04.mov,50,0.15812321986419725,follow_through,,False
23,defensive_shot_average_04.mov,51,0.1588412677054625,follow_through,,False
23,defensive_shot_average_04.mov,52,0.15701557323629875,follow_through,,False
23,defensive_shot_average_04.mov,53,0.15655522250303233,follow_through,,False
23,defensive_shot_average_04.mov,54,0.19176380684416655,follow_through,,False
23,defensive_shot_average_04.mov,55,0.1698638632642636,follow_through,,False
23,defensive_shot_average_04.mov,56,0.19580138004913747,follow_through,,False
23,defensive_shot_average_04.mov,57,0.23995765526538385,follow_through,,False
23,defensive_shot_average_04.mov,58,0.28373270648231064,follow_through,,False
23,defensive_shot_average_04.mov,59,0.2877390110010043,follow_through,,False
23,defensive_shot_average_04.mov,59,0.2877390110010043,completed,sequence_end_to_completed,True
24,defensive_shot_average_05.mov,0,0.10174318539845552,idle,,False
24,defensive_shot_average_05.mov,1,0.14772649648502734,idle,,False
24,defensive_shot_average_05.mov,2,0.1849677222420182,idle,,False
24,defensive_shot_average_05.mov,3,0.221488234751327,idle,,False
24,defensive_shot_average_05.mov,4,0.18898270398659042,idle,,False
24,defensive_shot_average_05.mov,5,0.1701260720599594,idle,,False
24,defensive_shot_average_05.mov,6,0.14337402357129714,idle,,False
24,defensive_shot_average_05.mov,7,0.13105935437589847,idle,,False
24,defensive_shot_average_05.mov,8,0.10444960178373523,idle,,False
24,defensive_shot_average_05.mov,9,0.09175464765184972,idle,,False
24,defensive_shot_average_05.mov,10,0.08379472718292112,idle,,False
24,defensive_shot_average_05.mov,11,0.07875478816219844,idle,,False
24,defensive_shot_average_05.mov,12,0.07286992906365308,idle,,False
24,defensive_shot_average_05.mov,13,0.08829408714682195,idle,,False
24,defensive_shot_average_05.mov,14,0.1615251866099386,idle,,False
24,defensive_shot_average_05.mov,15,0.18719948984694024,idle,,False
24,defensive_shot_average_05.mov,16,0.2898667770492202,preparation,idle_to_preparation,False
24,defensive_shot_average_05.mov,17,0.3090460173302328,backswing,preparation_to_backswing,False
24,defensive_shot_average_05.mov,18,0.364947758806873,swing,backswing_to_swing,False
24,defensive_shot_average_05.mov,19,0.44689689423112505,swing,,False
24,defensive_shot_average_05.mov,20,0.6045973217240785,swing,,False
24,defensive_shot_average_05.mov,21,0.5910349091830089,swing,,False
24,defensive_shot_average_05.mov,22,0.6393516211684067,swing,,False
24,defensive_shot_average_05.mov,23,0.6880755166204564,swing,,False
24,defensive_shot_average_05.mov,24,0.6453198518851047,swing,,False
24,defensive_shot_average_05.mov,25,0.6020562052211165,swing,,False
24,defensive_shot_average_05.mov,26,0.650965051886329,swing,,False
24,defensive_shot_average_05.mov,27,0.6881073562391906,swing,,False
24,defensive_shot_average_05.mov,28,0.6911878745264782,swing,,False
24,defensive_shot_average_05.mov,29,0.6334752779586467,swing,,False
24,defensive_shot_average_05.mov,30,0.6096868834323691,swing,,False
24,defensive_shot_average_05.mov,31,0.5675428771402279,swing,,False
24,defensive_shot_average_05.mov,32,0.49204106242285095,swing,,False
24,defensive_shot_average_05.mov,33,0.40348185617475346,swing,,False
24,defensive_shot_average_05.mov,34,0.36852073813557645,swing,,False
24,defensive_shot_average_05.mov,35,0.397445448440355,swing,,False
24,defensive_shot_average_05.mov,36,0.343585504741543,swing,,False
24,defensive_shot_average_05.mov,37,0.4115845647220967,swing,,False
24,defensive_shot_average_05.mov,38,0.5396412426191125,swing,,False
24,defensive_shot_average_05.mov,39,0.6380547172480856,swing,,False
24,defensive_shot_average_05.mov,40,0.6110433174642397,swing,,False
24,defensive_shot_average_05.mov,41,0.7548422225515832,swing,,False
24,defensive_shot_average_05.mov,42,0.7630677301264522,swing,,False
24,defensive_shot_average_05.mov,43,0.790373216189399,swing,,False
24,defensive_shot_average_05.mov,44,0.859108007179189,swing,,False
24,defensive_shot_average_05.mov,45,0.8612659186108697,swing,,False
24,defensive_shot_average_05.mov,46,0.7587349139664554,swing,,False
24,defensive_shot_average_05.mov,47,0.7328949249570846,swing,,False
24,defensive_shot_average_05.mov,48,0.5755666030995602,swing,,False
24,defensive_shot_average_05.mov,49,0.47714941355059565,swing,,False
24,defensive_shot_average_05.mov,50,0.4016835700926681,swing,,False
24,defensive_shot_average_05.mov,51,0.3345546276789353,swing,,False
24,defensive_shot_average_05.mov,52,0.3124769632085088,swing,,False
24,defensive_shot_average_05.mov,53,0.3179025673934728,swing,,False
24,defensive_shot_average_05.mov,54,0.26887670842993944,swing,,False
24,defensive_shot_average_05.mov,55,0.24516009993287965,swing,,False
24,defensive_shot_average_05.mov,56,0.27983944379802644,swing,,False
24,defensive_shot_average_05.mov,57,0.2429520131268386,swing,,False
24,defensive_shot_average_05.mov,58,0.23460832264062156,swing,,False
24,defensive_shot_average_05.mov,59,0.22164899392249912,swing,,False
24,defensive_shot_average_05.mov,59,0.22164899392249912,completed,sequence_end_to_completed,True
25,defensive_shot_average_06.mov,0,0.02325654141676055,idle,,False
25,defensive_shot_average_06.mov,1,0.032077098112748594,idle,,False
25,defensive_shot_average_06.mov,2,0.0363373964344435,idle,,False
25,defensive_shot_average_06.mov,3,0.04660178149160387,idle,,False
25,defensive_shot_average_06.mov,4,0.047925610245021906,idle,,False
25,defensive_shot_average_06.mov,5,0.0381502197477992,idle,,False
25,defensive_shot_average_06.mov,6,0.04383191284594651,idle,,False
25,defensive_shot_average_06.mov,7,0.05247731060253515,idle,,False
25,defensive_shot_average_06.mov,8,0.07090055438774079,idle,,False
25,defensive_shot_average_06.mov,9,0.09452076649912587,idle,,False
25,defensive_shot_average_06.mov,10,0.12470842105206348,idle,,False
25,defensive_shot_average_06.mov,11,0.18379291809389942,idle,,False
25,defensive_shot_average_06.mov,12,0.2033444670985238,idle,,False
25,defensive_shot_average_06.mov,13,0.21150949486267323,idle,,False
25,defensive_shot_average_06.mov,14,0.21301062306769222,idle,,False
25,defensive_shot_average_06.mov,15,0.25032442725056153,idle,,False
25,defensive_shot_average_06.mov,16,0.1950841618676498,idle,,False
25,defensive_shot_average_06.mov,17,0.2218299097635612,idle,,False
25,defensive_shot_average_06.mov,18,0.23418106699065389,idle,,False
25,defensive_shot_average_06.mov,19,0.280285286937152,preparation,idle_to_preparation,False
25,defensive_shot_average_06.mov,20,0.3436150583081723,backswing,preparation_to_backswing,False
25,defensive_shot_average_06.mov,21,0.49093668802412055,swing,backswing_to_swing,False
25,defensive_shot_average_06.mov,22,0.5849727271406107,swing,,False
25,defensive_shot_average_06.mov,23,0.6155859856165485,swing,,False
25,defensive_shot_average_06.mov,24,0.7334749556525764,swing,,False
25,defensive_shot_average_06.mov,25,0.7705721292825706,swing,,False
25,defensive_shot_average_06.mov,26,0.7215087443010774,swing,,False
25,defensive_shot_average_06.mov,27,0.768269712205768,swing,,False
25,defensive_shot_average_06.mov,28,0.887003514027125,swing,,False
25,defensive_shot_average_06.mov,29,0.8393319756468605,swing,,False
25,defensive_shot_average_06.mov,30,0.7599249881930581,swing,,False
25,defensive_shot_average_06.mov,31,0.8433202620055436,swing,,False
25,defensive_shot_average_06.mov,32,0.6893397924963023,swing,,False
25,defensive_shot_average_06.mov,33,0.5285491557351014,swing,,False
25,defensive_shot_average_06.mov,34,0.44143478239801515,swing,,False
25,defensive_shot_average_06.mov,35,0.41384160594223457,swing,,False
25,defensive_shot_average_06.mov,36,0.30169584420744855,swing,,False
25,defensive_shot_average_06.mov,37,0.3638904615358086,swing,,False
25,defensive_shot_average_06.mov,38,0.36931555535321325,swing,,False
25,defensive_shot_average_06.mov,39,0.39762766581855696,swing,,False
25,defensive_shot_average_06.mov,40,0.3808286777028885,swing,,False
25,defensive_shot_average_06.mov,41,0.43046999425835264,swing,,False
25,defensive_shot_average_06.mov,42,0.4347283276614292,swing,,False
25,defensive_shot_average_06.mov,43,0.4280199566028723,swing,,False
25,defensive_shot_average_06.mov,44,0.36568789012229846,swing,,False
25,defensive_shot_average_06.mov,45,0.35920485423773774,swing,,False
25,defensive_shot_average_06.mov,46,0.275656531948354,swing,,False
25,defensive_shot_average_06.mov,47,0.18677606827808044,swing,,False
25,defensive_shot_average_06.mov,48,0.19942573625867907,swing,,False
25,defensive_shot_average_06.mov,49,0.25715908619241606,swing,,False
25,defensive_shot_average_06.mov,50,0.2880623359765008,swing,,False
25,defensive_shot_average_06.mov,51,0.28425625611885613,swing,,False
25,defensive_shot_average_06.mov,52,0.32364444638912443,swing,,False
25,defensive_shot_average_06.mov,53,0.31472658659171676,swing,,False
25,defensive_shot_average_06.mov,54,0.23800639497939102,swing,,False
25,defensive_shot_average_06.mov,55,0.18861308470280677,swing,,False
25,defensive_shot_average_06.mov,56,0.16243815056726074,follow_through,swing_to_follow_through,False
25,defensive_shot_average_06.mov,57,0.12210641350450194,follow_through,,False
25,defensive_shot_average_06.mov,58,0.10454611595219264,follow_through,,False
25,defensive_shot_average_06.mov,59,0.1149872961227933,follow_through,,False
25,defensive_shot_average_06.mov,59,0.1149872961227933,completed,sequence_end_to_completed,True
26,defensive_shot_average_07.mov,0,0.06266365170768912,idle,,False
26,defensive_shot_average_07.mov,1,0.07802098037070218,idle,,False
26,defensive_shot_average_07.mov,2,0.1098137272860964,idle,,False
26,defensive_shot_average_07.mov,3,0.13432733181381776,idle,,False
26,defensive_shot_average_07.mov,4,0.1762854778204148,idle,,False
26,defensive_shot_average_07.mov,5,0.17921416111833569,idle,,False
26,defensive_shot_average_07.mov,6,0.187079834673819,idle,,False
26,defensive_shot_average_07.mov,7,0.1825834386143864,idle,,False
26,defensive_shot_average_07.mov,8,0.17722968541459364,idle,,False
26,defensive_shot_average_07.mov,9,0.13101971980548746,idle,,False
26,defensive_shot_average_07.mov,10,0.11736959917493414,idle,,False
26,defensive_shot_average_07.mov,11,0.1297771486432817,idle,,False
26,defensive_shot_average_07.mov,12,0.12801154308547816,idle,,False
26,defensive_shot_average_07.mov,13,0.17839282928365593,idle,,False
26,defensive_shot_average_07.mov,14,0.1726979613667001,idle,,False
26,defensive_shot_average_07.mov,15,0.17334392016922875,idle,,False
26,defensive_shot_average_07.mov,16,0.1905399006672496,idle,,False
26,defensive_shot_average_07.mov,17,0.2064446772462843,idle,,False
26,defensive_shot_average_07.mov,18,0.31735498730183653,preparation,idle_to_preparation,False
26,defensive_shot_average_07.mov,19,0.4701551256470466,backswing,preparation_to_backswing,False
26,defensive_shot_average_07.mov,20,0.5674523474929419,swing,backswing_to_swing,False
26,defensive_shot_average_07.mov,21,0.7146258153080771,swing,,False
26,defensive_shot_average_07.mov,22,0.7300977291803593,swing,,False
26,defensive_shot_average_07.mov,23,0.7496462815987008,swing,,False
26,defensive_shot_average_07.mov,24,0.7712038461916673,swing,,False
26,defensive_shot_average_07.mov,25,0.8556589153731265,swing,,False
26,defensive_shot_average_07.mov,26,0.7901125437700499,swing,,False
26,defensive_shot_average_07.mov,27,0.9317270185876617,swing,,False
26,defensive_shot_average_07.mov,28,0.8141279718611542,swing,,False
26,defensive_shot_average_07.mov,29,0.7226276091468953,swing,,False
26,defensive_shot_average_07.mov,30,0.6335235184011159,swing,,False
26,defensive_shot_average_07.mov,31,0.5606887769936467,swing,,False
26,defensive_shot_average_07.mov,32,0.423369496276874,swing,,False
26,defensive_shot_average_07.mov,33,0.3797159293933745,swing,,False
26,defensive_shot_average_07.mov,34,0.297451280420993,swing,,False
26,defensive_shot_average_07.mov,35,0.20401905630090156,swing,,False
26,defensive_shot_average_07.mov,36,0.16871802918111778,follow_through,swing_to_follow_through,False
26,defensive_shot_average_07.mov,37,0.13377823994191798,follow_through,,False
26,defensive_shot_average_07.mov,38,0.13616291686264215,follow_through,,False
26,defensive_shot_average_07.mov,39,0.17729607805671205,follow_through,,False
26,defensive_shot_average_07.mov,40,0.21152695688325987,follow_through,,False
26,defensive_shot_average_07.mov,41,0.2969985955651026,follow_through,,False
26,defensive_shot_average_07.mov,42,0.40242780165804143,follow_through,,False
26,defensive_shot_average_07.mov,43,0.4935295322034773,follow_through,,False
26,defensive_shot_average_07.mov,44,0.564150629032587,follow_through,,False
26,defensive_shot_average_07.mov,45,0.645083370343207,follow_through,,False
26,defensive_shot_average_07.mov,46,0.6593337574066367,follow_through,,False
26,defensive_shot_average_07.mov,47,0.6670341259166465,follow_through,,False
26,defensive_shot_average_07.mov,48,0.6810357982606966,follow_through,,False
26,defensive_shot_average_07.mov,49,0.6445839776983733,follow_through,,False
26,defensive_shot_average_07.mov,50,0.5902165595710832,follow_through,,False
26,defensive_shot_average_07.mov,51,0.6123813629809909,follow_through,,False
26,defensive_shot_average_07.mov,52,0.5758085404084442,follow_through,,False
26,defensive_shot_average_07.mov,53,0.47743949042688466,follow_through,,False
26,defensive_shot_average_07.mov,54,0.3979147708487409,follow_through,,False
26,defensive_shot_average_07.mov,55,0.4033595352354607,follow_through,,False
26,defensive_shot_average_07.mov,56,0.3405763106856539,follow_through,,False
26,defensive_shot_average_07.mov,57,0.39686618390484524,follow_through,,False
26,defensive_shot_average_07.mov,58,0.5081092335469087,follow_through,,False
26,defensive_shot_average_07.mov,59,0.645205993211544,follow_through,,False
26,defensive_shot_average_07.mov,59,0.645205993211544,completed,sequence_end_to_completed,True
27,defensive_shot_average_08.mov,0,0.04549990423412785,idle,,False
27,defensive_shot_average_08.mov,1,0.10406328725184716,idle,,False
27,defensive_shot_average_08.mov,2,0.13492225319850734,idle,,False
27,defensive_shot_average_08.mov,3,0.15162875181161184,idle,,False
27,defensive_shot_average_08.mov,4,0.13246723548074232,idle,,False
27,defensive_shot_average_08.mov,5,0.1392294383312954,idle,,False
27,defensive_shot_average_08.mov,6,0.09327720807504719,idle,,False
27,defensive_shot_average_08.mov,7,0.08497788929723382,idle,,False
27,defensive_shot_average_08.mov,8,0.11081361569954158,idle,,False
27,defensive_shot_average_08.mov,9,0.15569599570226947,idle,,False
27,defensive_shot_average_08.mov,10,0.1634430176353424,idle,,False
27,defensive_shot_average_08.mov,11,0.19661422841311868,idle,,False
27,defensive_shot_average_08.mov,12,0.217100579766252,idle,,False
27,defensive_shot_average_08.mov,13,0.24995326184804714,idle,,False
27,defensive_shot_average_08.mov,14,0.2449063247291811,idle,,False
27,defensive_shot_average_08.mov,15,0.27592463272352674,idle,,False
27,defensive_shot_average_08.mov,16,0.42093420413353744,preparation,idle_to_preparation,False
27,defensive_shot_average_08.mov,17,0.47232950258057843,backswing,preparation_to_backswing,False
27,defensive_shot_average_08.mov,18,0.5683024100640903,swing,backswing_to_swing,False
27,defensive_shot_average_08.mov,19,0.6216171089957785,swing,,False
27,defensive_shot_average_08.mov,20,0.6527485700700013,swing,,False
27,defensive_shot_average_08.mov,21,0.5561603654035645,swing,,False
27,defensive_shot_average_08.mov,22,0.6617190684345434,swing,,False
27,defensive_shot_average_08.mov,23,0.6903512538538241,swing,,False
27,defensive_shot_average_08.mov,24,0.6719177240540021,swing,,False
27,defensive_shot_average_08.mov,25,0.7810649675014272,swing,,False
27,defensive_shot_average_08.mov,26,0.8479219458403269,swing,,False
27,defensive_shot_average_08.mov,27,0.7690490940899078,swing,,False
27,defensive_shot_average_08.mov,28,0.6312824244908146,swing,,False
27,defensive_shot_average_08.mov,29,0.6255353447980553,swing,,False
27,defensive_shot_average_08.mov,30,0.5489905186233445,swing,,False
27,defensive_shot_average_08.mov,31,0.4312158106615617,swing,,False
27,defensive_shot_average_08.mov,32,0.33836046081815485,swing,,False
27,defensive_shot_average_08.mov,33,0.38545739685534236,swing,,False
27,defensive_shot_average_08.mov,34,0.3427285991126701,swing,,False
27,defensive_shot_average_08.mov,35,0.26418105978856427,swing,,False
27,defensive_shot_average_08.mov,36,0.3040233543590861,swing,,False
27,defensive_shot_average_08.mov,37,0.32694155868984015,swing,,False
27,defensive_shot_average_08.mov,38,0.2640853094725252,swing,,False
27,defensive_shot_average_08.mov,39,0.33028365562496065,swing,,False
27,defensive_shot_average_08.mov,40,0.3637878865328356,swing,,False
27,defensive_shot_average_08.mov,41,0.3512023967953737,swing,,False
27,defensive_shot_average_08.mov,42,0.3422601602424649,swing,,False
27,defensive_shot_average_08.mov,43,0.3540183834228636,swing,,False
27,defensive_shot_average_08.mov,44,0.3126671874008499,swing,,False
27,defensive_shot_average_08.mov,45,0.3589015287428238,swing,,False
27,defensive_shot_average_08.mov,46,0.37712395319861713,swing,,False
27,defensive_shot_average_08.mov,47,0.4080551590263179,swing,,False
27,defensive_shot_average_08.mov,48,0.3981198538382481,swing,,False
27,defensive_shot_average_08.mov,49,0.481596384684297,swing,,False
27,defensive_shot_average_08.mov,50,0.46921741238111386,swing,,False
27,defensive_shot_average_08.mov,51,0.5804521824323223,swing,,False
27,defensive_shot_average_08.mov,52,0.5977941715643328,swing,,False
27,defensive_shot_average_08.mov,53,0.6318788526515506,swing,,False
27,defensive_shot_average_08.mov,54,0.5643141001293969,swing,,False
27,defensive_shot_average_08.mov,55,0.5896445491874207,swing,,False
27,defensive_shot_average_08.mov,56,0.4819800916166271,swing,,False
27,defensive_shot_average_08.mov,57,0.554830844637947,swing,,False
27,defensive_shot_average_08.mov,58,0.6358209425026716,swing,,False
27,defensive_shot_average_08.mov,59,0.7188951686123567,swing,,False
27,defensive_shot_average_08.mov,59,0.7188951686123567,completed,sequence_end_to_completed,True
28,defensive_shot_bad_01.mov,0,0.04250522880099379,idle,,False
28,defensive_shot_bad_01.mov,1,0.05366217041450881,idle,,False
28,defensive_shot_bad_01.mov,2,0.061886542668013626,idle,,False
28,defensive_shot_bad_01.mov,3,0.09362579727460522,idle,,False
28,defensive_shot_bad_01.mov,4,0.09351722408146759,idle,,False
28,defensive_shot_bad_01.mov,5,0.13144604133607798,idle,,False
28,defensive_shot_bad_01.mov,6,0.19684443622722814,idle,,False
28,defensive_shot_bad_01.mov,7,0.24516896644247924,idle,,False
28,defensive_shot_bad_01.mov,8,0.2492444365126724,idle,,False
28,defensive_shot_bad_01.mov,9,0.33585931335230884,preparation,idle_to_preparation,False
28,defensive_shot_bad_01.mov,10,0.3405397354828082,backswing,preparation_to_backswing,False
28,defensive_shot_bad_01.mov,11,0.30230469394197895,swing,backswing_to_swing,False
28,defensive_shot_bad_01.mov,12,0.26122091762559035,swing,,False
28,defensive_shot_bad_01.mov,13,0.24151820108068547,swing,,False
28,defensive_shot_bad_01.mov,14,0.140914793109233,follow_through,swing_to_follow_through,False
28,defensive_shot_bad_01.mov,15,0.08011732953893838,follow_through,,False
28,defensive_shot_bad_01.mov,16,0.05358533785354106,follow_through,,False
28,defensive_shot_bad_01.mov,17,0.05168280625850934,follow_through,,False
28,defensive_shot_bad_01.mov,18,0.05027661072263696,completed,follow_through_to_completed,True
28,defensive_shot_bad_01.mov,19,0.06814951559515726,cooldown,completed_to_cooldown,False
28,defensive_shot_bad_01.mov,20,0.07896551043335807,cooldown,,False
28,defensive_shot_bad_01.mov,21,0.13713546485986314,cooldown,,False
28,defensive_shot_bad_01.mov,22,0.17567615490731714,cooldown,,False
28,defensive_shot_bad_01.mov,23,0.25345254562104463,cooldown,,False
28,defensive_shot_bad_01.mov,24,0.27406026314826315,cooldown,,False
28,defensive_shot_bad_01.mov,25,0.3621696809183889,cooldown,,False
28,defensive_shot_bad_01.mov,26,0.4261625925078859,cooldown,,False
28,defensive_shot_bad_01.mov,27,0.5740593079030963,cooldown,,False
28,defensive_shot_bad_01.mov,28,0.6815771045933614,cooldown,,False
28,defensive_shot_bad_01.mov,29,0.7935912937301423,cooldown,,False
28,defensive_shot_bad_01.mov,30,0.8913174812062108,cooldown,,False
28,defensive_shot_bad_01.mov,31,0.8134502883306346,cooldown,,False
28,defensive_shot_bad_01.mov,32,0.75629262532973,cooldown,,False
28,defensive_shot_bad_01.mov,33,0.6274219664111106,cooldown,,False
28,defensive_shot_bad_01.mov,34,0.5109585293527943,cooldown,,False
28,defensive_shot_bad_01.mov,35,0.3724377335066319,cooldown,,False
28,defensive_shot_bad_01.mov,36,0.38256418417607013,cooldown,,False
28,defensive_shot_bad_01.mov,37,0.2909003364711188,cooldown,,False
28,defensive_shot_bad_01.mov,38,0.269955267109421,cooldown,,False
28,defensive_shot_bad_01.mov,39,0.3952937566993247,cooldown,,False
28,defensive_shot_bad_01.mov,40,0.44881919576450485,cooldown,,False
28,defensive_shot_bad_01.mov,41,0.5823566368296809,cooldown,,False
28,defensive_shot_bad_01.mov,42,0.6985204009277562,cooldown,,False
28,defensive_shot_bad_01.mov,43,0.7683736931429415,cooldown,,False
28,defensive_shot_bad_01.mov,44,0.7758175490576379,cooldown,,False
28,defensive_shot_bad_01.mov,45,0.7250570514610407,cooldown,,False
28,defensive_shot_bad_01.mov,46,0.6342052502716878,cooldown,,False
28,defensive_shot_bad_01.mov,47,0.5759258019708994,cooldown,,False
28,defensive_shot_bad_01.mov,48,0.5176420842234332,cooldown,,False
28,defensive_shot_bad_01.mov,49,0.4469323939727594,cooldown,,False
28,defensive_shot_bad_01.mov,50,0.4662049765782331,cooldown,,False
28,defensive_shot_bad_01.mov,51,0.4573301979102629,cooldown,,False
28,defensive_shot_bad_01.mov,52,0.39800437461677723,cooldown,,False
28,defensive_shot_bad_01.mov,53,0.3644987320838845,cooldown,,False
28,defensive_shot_bad_01.mov,54,0.284053706496991,cooldown,,False
28,defensive_shot_bad_01.mov,55,0.25217166249791545,cooldown,,False
28,defensive_shot_bad_01.mov,56,0.18181376568333507,cooldown,,False
28,defensive_shot_bad_01.mov,57,0.1422230731024082,idle,cooldown_to_idle,False
28,defensive_shot_bad_01.mov,58,0.12412115866491748,idle,,False
28,defensive_shot_bad_01.mov,59,0.11173694336144925,idle,,False
29,defensive_shot_bad_02.mov,0,0.015490065524535872,idle,,False
29,defensive_shot_bad_02.mov,1,0.025090488005194662,idle,,False
29,defensive_shot_bad_02.mov,2,0.02796525592298876,idle,,False
29,defensive_shot_bad_02.mov,3,0.03297489099917637,idle,,False
29,defensive_shot_bad_02.mov,4,0.0249812960904495,idle,,False
29,defensive_shot_bad_02.mov,5,0.030619047787490885,idle,,False
29,defensive_shot_bad_02.mov,6,0.02722954139378451,idle,,False
29,defensive_shot_bad_02.mov,7,0.031148413212599542,idle,,False
29,defensive_shot_bad_02.mov,8,0.03252911037760744,idle,,False
29,defensive_shot_bad_02.mov,9,0.03265990947295303,idle,,False
29,defensive_shot_bad_02.mov,10,0.026858436340182985,idle,,False
29,defensive_shot_bad_02.mov,11,0.023859002016339382,idle,,False
29,defensive_shot_bad_02.mov,12,0.023939615882894647,idle,,False
29,defensive_shot_bad_02.mov,13,0.023724346894086087,idle,,False
29,defensive_shot_bad_02.mov,14,0.028215586127489718,idle,,False
29,defensive_shot_bad_02.mov,15,0.030243513374701138,idle,,False
29,defensive_shot_bad_02.mov,16,0.04565271588963897,idle,,False
29,defensive_shot_bad_02.mov,17,0.06190995570681039,idle,,False
29,defensive_shot_bad_02.mov,18,0.08959501085606603,idle,,False
29,defensive_shot_bad_02.mov,19,0.11044377310065277,idle,,False
29,defensive_shot_bad_02.mov,20,0.14175452189241297,idle,,False
29,defensive_shot_bad_02.mov,21,0.13753879202935512,idle,,False
29,defensive_shot_bad_02.mov,22,0.19108551611719968,idle,,False
29,defensive_shot_bad_02.mov,23,0.2848795519583892,preparation,idle_to_preparation,False
29,defensive_shot_bad_02.mov,24,0.32552943954890584,backswing,preparation_to_backswing,False
29,defensive_shot_bad_02.mov,25,0.48959720756907776,swing,backswing_to_swing,False
29,defensive_shot_bad_02.mov,26,0.675192253154089,swing,,False
29,defensive_shot_bad_02.mov,27,0.7193897464838412,swing,,False
29,defensive_shot_bad_02.mov,28,0.6900541997923569,swing,,False
29,defensive_shot_bad_02.mov,29,0.7334157664095401,swing,,False
29,defensive_shot_bad_02.mov,30,0.6113962680761094,swing,,False
29,defensive_shot_bad_02.mov,31,0.47643880578947195,swing,,False
29,defensive_shot_bad_02.mov,32,0.47149460917371916,swing,,False
29,defensive_shot_bad_02.mov,33,0.39903611199420586,swing,,False
29,defensive_shot_bad_02.mov,34,0.30194342572379257,swing,,False
29,defensive_shot_bad_02.mov,35,0.2426887243079731,swing,,False
29,defensive_shot_bad_02.mov,36,0.20832340358740556,swing,,False
29,defensive_shot_bad_02.mov,37,0.15107131659428685,follow_through,swing_to_follow_through,False
29,defensive_shot_bad_02.mov,38,0.24691486747482347,follow_through,,False
29,defensive_shot_bad_02.mov,39,0.27437896694303615,follow_through,,False
29,defensive_shot_bad_02.mov,40,0.45587082549351327,follow_through,,False
29,defensive_shot_bad_02.mov,41,0.568569016169019,follow_through,,False
29,defensive_shot_bad_02.mov,42,0.7098895889399579,follow_through,,False
29,defensive_shot_bad_02.mov,43,0.6985135582652684,follow_through,,False
29,defensive_shot_bad_02.mov,44,0.7189161748351967,follow_through,,False
29,defensive_shot_bad_02.mov,45,0.5564804604050777,follow_through,,False
29,defensive_shot_bad_02.mov,46,0.4405588115746361,follow_through,,False
29,defensive_shot_bad_02.mov,47,0.30760007715814447,follow_through,,False
29,defensive_shot_bad_02.mov,48,0.22743631810837217,follow_through,,False
29,defensive_shot_bad_02.mov,49,0.18816103524278513,follow_through,,False
29,defensive_shot_bad_02.mov,50,0.20007932812305929,follow_through,,False
29,defensive_shot_bad_02.mov,51,0.2267959979812219,follow_through,,False
29,defensive_shot_bad_02.mov,52,0.18107470962854305,follow_through,,False
29,defensive_shot_bad_02.mov,53,0.24627831745516796,follow_through,,False
29,defensive_shot_bad_02.mov,54,0.24138368572234373,follow_through,,False
29,defensive_shot_bad_02.mov,55,0.2053327999681132,follow_through,,False
29,defensive_shot_bad_02.mov,56,0.1764908071962732,follow_through,,False
29,defensive_shot_bad_02.mov,57,0.25150613888202855,follow_through,,False
29,defensive_shot_bad_02.mov,58,0.2524739684440794,follow_through,,False
29,defensive_shot_bad_02.mov,59,0.3277660553698615,follow_through,,False
29,defensive_shot_bad_02.mov,59,0.3277660553698615,completed,sequence_end_to_completed,True
30,defensive_shot_bad_03.mov,0,0.09569425719793591,idle,,False
30,defensive_shot_bad_03.mov,1,0.12104574935329945,idle,,False
30,defensive_shot_bad_03.mov,2,0.14127894425170176,idle,,False
30,defensive_shot_bad_03.mov,3,0.1701961342720706,idle,,False
30,defensive_shot_bad_03.mov,4,0.12907270187932096,idle,,False
30,defensive_shot_bad_03.mov,5,0.11333377203139525,idle,,False
30,defensive_shot_bad_03.mov,6,0.10085563489594064,idle,,False
30,defensive_shot_bad_03.mov,7,0.09287521684603234,idle,,False
30,defensive_shot_bad_03.mov,8,0.07498323016593679,idle,,False
30,defensive_shot_bad_03.mov,9,0.06984457593173499,idle,,False
30,defensive_shot_bad_03.mov,10,0.06492017443706771,idle,,False
30,defensive_shot_bad_03.mov,11,0.1067821802734286,idle,,False
30,defensive_shot_bad_03.mov,12,0.11819401321269024,idle,,False
30,defensive_shot_bad_03.mov,13,0.13117575025077005,idle,,False
30,defensive_shot_bad_03.mov,14,0.22762352322794605,idle,,False
30,defensive_shot_bad_03.mov,15,0.29732441397584475,preparation,idle_to_preparation,False
30,defensive_shot_bad_03.mov,16,0.44258905311957497,backswing,preparation_to_backswing,False
30,defensive_shot_bad_03.mov,17,0.6178014339660433,swing,backswing_to_swing,False
30,defensive_shot_bad_03.mov,18,0.6338058774037509,swing,,False
30,defensive_shot_bad_03.mov,19,0.72161260607566,swing,,False
30,defensive_shot_bad_03.mov,20,0.8388883744502846,swing,,False
30,defensive_shot_bad_03.mov,21,0.7411464703845907,swing,,False
30,defensive_shot_bad_03.mov,22,0.7362916345096293,swing,,False
30,defensive_shot_bad_03.mov,23,0.8673903124278887,swing,,False
30,defensive_shot_bad_03.mov,24,0.8449199703848687,swing,,False
30,defensive_shot_bad_03.mov,25,0.7516898098060093,swing,,False
30,defensive_shot_bad_03.mov,26,0.7610554487566753,swing,,False
30,defensive_shot_bad_03.mov,27,0.6622698994107357,swing,,False
30,defensive_shot_bad_03.mov,28,0.5492562911851251,swing,,False
30,defensive_shot_bad_03.mov,29,0.41001861480582397,swing,,False
30,defensive_shot_bad_03.mov,30,0.36846915462559454,swing,,False
30,defensive_shot_bad_03.mov,31,0.3398960874820402,swing,,False
30,defensive_shot_bad_03.mov,32,0.4429961695440439,swing,,False
30,defensive_shot_bad_03.mov,33,0.5846949801272902,swing,,False
30,defensive_shot_bad_03.mov,34,0.6121277251950107,swing,,False
30,defensive_shot_bad_03.mov,35,0.5719719086229119,swing,,False
30,defensive_shot_bad_03.mov,36,0.5384031326574884,swing,,False
30,defensive_shot_bad_03.mov,37,0.3983206094757225,swing,,False
30,defensive_shot_bad_03.mov,38,0.24891486624866285,swing,,False
30,defensive_shot_bad_03.mov,39,0.2473129112482538,swing,,False
30,defensive_shot_bad_03.mov,40,0.3190916265154864,swing,,False
30,defensive_shot_bad_03.mov,41,0.33440880923932814,swing,,False
30,defensive_shot_bad_03.mov,42,0.35174538364806845,swing,,False
30,defensive_shot_bad_03.mov,43,0.32578780267153884,swing,,False
30,defensive_shot_bad_03.mov,44,0.2979333309949565,swing,,False
30,defensive_shot_bad_03.mov,45,0.27672338133088376,swing,,False
30,defensive_shot_bad_03.mov,46,0.24069667765865307,swing,,False
30,defensive_shot_bad_03.mov,47,0.19014024773835725,swing,,False
30,defensive_shot_bad_03.mov,48,0.17996263723358288,follow_through,swing_to_follow_through,False
30,defensive_shot_bad_03.mov,49,0.16347438136800047,follow_through,,False
30,defensive_shot_bad_03.mov,50,0.10353902782366337,follow_through,,False
30,defensive_shot_bad_03.mov,51,0.09032478884938329,follow_through,,False
30,defensive_shot_bad_03.mov,52,0.09928709584501925,follow_through,,False
30,defensive_shot_bad_03.mov,53,0.10751604000789508,completed,follow_through_to_completed,True
30,defensive_shot_bad_03.mov,54,0.10960257514218716,cooldown,completed_to_cooldown,False
30,defensive_shot_bad_03.mov,55,0.1279803847914717,cooldown,,False
30,defensive_shot_bad_03.mov,56,0.1760711920837157,cooldown,,False
30,defensive_shot_bad_03.mov,57,0.19494972377237543,cooldown,,False
30,defensive_shot_bad_03.mov,58,0.22534159769220835,cooldown,,False
30,defensive_shot_bad_03.mov,59,0.2563501659213915,cooldown,,False
31,defensive_shot_bad_04.mov,0,0.07493936051549233,idle,,False
31,defensive_shot_bad_04.mov,1,0.09664598868408344,idle,,False
31,defensive_shot_bad_04.mov,2,0.11296268384624474,idle,,False
31,defensive_shot_bad_04.mov,3,0.13588179838478037,idle,,False
31,defensive_shot_bad_04.mov,4,0.12315779497926689,idle,,False
31,defensive_shot_bad_04.mov,5,0.1082962033860951,idle,,False
31,defensive_shot_bad_04.mov,6,0.14273946475955784,idle,,False
31,defensive_shot_bad_04.mov,7,0.16328320757844608,idle,,False
31,defensive_shot_bad_04.mov,8,0.1660329084147584,idle,,False
31,defensive_shot_bad_04.mov,9,0.13566333482773352,idle,,False
31,defensive_shot_bad_04.mov,10,0.14401247866889122,idle,,False
31,defensive_shot_bad_04.mov,11,0.11231075679755749,idle,,False
31,defensive_shot_bad_04.mov,12,0.1126037186310556,idle,,False
31,defensive_shot_bad_04.mov,13,0.16601900117114204,idle,,False
31,defensive_shot_bad_04.mov,14,0.19449610436044895,idle,,False
31,defensive_shot_bad_04.mov,15,0.24609570443597664,idle,,False
31,defensive_shot_bad_04.mov,16,0.24717330704662555,idle,,False
31,defensive_shot_bad_04.mov,17,0.3048921422039483,preparation,idle_to_preparation,False
31,defensive_shot_bad_04.mov,18,0.33369038551057423,backswing,preparation_to_backswing,False
31,defensive_shot_bad_04.mov,19,0.3415480110697246,swing,backswing_to_swing,False
31,defensive_shot_bad_04.mov,20,0.3652817709565596,swing,,False
31,defensive_shot_bad_04.mov,21,0.519421192799845,swing,,False
31,defensive_shot_bad_04.mov,22,0.6245489578279746,swing,,False
31,defensive_shot_bad_04.mov,23,0.6513310335647668,swing,,False
31,defensive_shot_bad_04.mov,24,0.6925017600755593,swing,,False
31,defensive_shot_bad_04.mov,25,0.6491146267461991,swing,,False
31,defensive_shot_bad_04.mov,26,0.4911379117321655,swing,,False
31,defensive_shot_bad_04.mov,27,0.3625694378959393,swing,,False
31,defensive_shot_bad_04.mov,28,0.3499057637484899,swing,,False
31,defensive_shot_bad_04.mov,29,0.4646560996587982,swing,,False
31,defensive_shot_bad_04.mov,30,0.48884890981045626,swing,,False
31,defensive_shot_bad_04.mov,31,0.6671604326998355,swing,,False
31,defensive_shot_bad_04.mov,32,0.782906786392551,swing,,False
31,defensive_shot_bad_04.mov,33,0.7465568514185607,swing,,False
31,defensive_shot_bad_04.mov,34,0.6798225560173836,swing,,False
31,defensive_shot_bad_04.mov,35,0.8047215141175633,swing,,False
31,defensive_shot_bad_04.mov,36,0.784322503685308,swing,,False
31,defensive_shot_bad_04.mov,37,0.7845551616954091,swing,,False
31,defensive_shot_bad_04.mov,38,0.8523940033572611,swing,,False
31,defensive_shot_bad_04.mov,39,0.8645911892350848,swing,,False
31,defensive_shot_bad_04.mov,40,0.8467267811084042,swing,,False
31,defensive_shot_bad_04.mov,41,0.786924914274708,swing,,False
31,defensive_shot_bad_04.mov,42,0.7995143764081176,swing,,False
31,defensive_shot_bad_04.mov,43,0.7336014615742481,swing,,False
31,defensive_shot_bad_04.mov,44,0.6408683905187983,swing,,False
31,defensive_shot_bad_04.mov,45,0.5287542341502871,swing,,False
31,defensive_shot_bad_04.mov,46,0.46809092773943833,swing,,False
31,defensive_shot_bad_04.mov,47,0.32951959294941735,swing,,False
31,defensive_shot_bad_04.mov,48,0.33007333517789694,swing,,False
31,defensive_shot_bad_04.mov,49,0.4472478146966324,swing,,False
31,defensive_shot_bad_04.mov,50,0.458156226636612,swing,,False
31,defensive_shot_bad_04.mov,51,0.4197491120321872,swing,,False
31,defensive_shot_bad_04.mov,52,0.42859389845534773,swing,,False
31,defensive_shot_bad_04.mov,53,0.44212693924929736,swing,,False
31,defensive_shot_bad_04.mov,54,0.4046698954000545,swing,,False
31,defensive_shot_bad_04.mov,55,0.36337383862229344,swing,,False
31,defensive_shot_bad_04.mov,56,0.41703053820914165,swing,,False
31,defensive_shot_bad_04.mov,57,0.4008798218175496,swing,,False
31,defensive_shot_bad_04.mov,58,0.3533390393717725,swing,,False
31,defensive_shot_bad_04.mov,59,0.2753205378313045,swing,,False
31,defensive_shot_bad_04.mov,59,0.2753205378313045,completed,sequence_end_to_completed,True
32,defensive_shot_good_01.mov,0,0.13943889489202338,idle,,False
32,defensive_shot_good_01.mov,1,0.18374877420348412,idle,,False
32,defensive_shot_good_01.mov,2,0.22983794838684202,idle,,False
32,defensive_shot_good_01.mov,3,0.25519197820040374,idle,,False
32,defensive_shot_good_01.mov,4,0.2859567894256025,preparation,idle_to_preparation,False
32,defensive_shot_good_01.mov,5,0.33562772723579726,backswing,preparation_to_backswing,False
32,defensive_shot_good_01.mov,6,0.35717053990451186,swing,backswing_to_swing,False
32,defensive_shot_good_01.mov,7,0.36249395728924516,swing,,False
32,defensive_shot_good_01.mov,8,0.4516524573702323,swing,,False
32,defensive_shot_good_01.mov,9,0.5481419651546746,swing,,False
32,defensive_shot_good_01.mov,10,0.605467334665755,swing,,False
32,defensive_shot_good_01.mov,11,0.5812747641038426,swing,,False
32,defensive_shot_good_01.mov,12,0.6217803211851098,swing,,False
32,defensive_shot_good_01.mov,13,0.5700825394960075,swing,,False
32,defensive_shot_good_01.mov,14,0.43269227198835447,swing,,False
32,defensive_shot_good_01.mov,15,0.25558916547245164,swing,,False
32,defensive_shot_good_01.mov,16,0.23128342167743615,swing,,False
32,defensive_shot_good_01.mov,17,0.18416474187938617,swing,,False
32,defensive_shot_good_01.mov,18,0.20305971911243448,swing,,False
32,defensive_shot_good_01.mov,19,0.23046241351413532,swing,,False
32,defensive_shot_good_01.mov,20,0.28930068819861937,swing,,False
32,defensive_shot_good_01.mov,21,0.3469354510336513,swing,,False
32,defensive_shot_good_01.mov,22,0.44739785015297023,swing,,False
32,defensive_shot_good_01.mov,23,0.43299969740703875,swing,,False
32,defensive_shot_good_01.mov,24,0.433042095078227,swing,,False
32,defensive_shot_good_01.mov,25,0.5507551240806153,swing,,False
32,defensive_shot_good_01.mov,26,0.6399924580866743,swing,,False
32,defensive_shot_good_01.mov,27,0.5728494670383482,swing,,False
32,defensive_shot_good_01.mov,28,0.5518024924830751,swing,,False
32,defensive_shot_good_01.mov,29,0.5758457553019879,swing,,False
32,defensive_shot_good_01.mov,30,0.4646468139349249,swing,,False
32,defensive_shot_good_01.mov,31,0.498320639329679,swing,,False
32,defensive_shot_good_01.mov,32,0.5793878313204963,swing,,False
32,defensive_shot_good_01.mov,33,0.6561753772318651,swing,,False
32,defensive_shot_good_01.mov,34,0.7683877686247769,swing,,False
32,defensive_shot_good_01.mov,35,0.7434331398071591,swing,,False
32,defensive_shot_good_01.mov,36,0.6098778589712542,swing,,False
32,defensive_shot_good_01.mov,37,0.5194169453845249,swing,,False
32,defensive_shot_good_01.mov,38,0.4183089313963522,swing,,False
32,defensive_shot_good_01.mov,39,0.25362529541695783,swing,,False
32,defensive_shot_good_01.mov,40,0.2116146886599267,swing,,False
32,defensive_shot_good_01.mov,41,0.15711536110509672,follow_through,swing_to_follow_through,False
32,defensive_shot_good_01.mov,42,0.10782837683627988,follow_through,,False
32,defensive_shot_good_01.mov,43,0.1156312419042313,follow_through,,False
32,defensive_shot_good_01.mov,44,0.10864052661077617,follow_through,,False
32,defensive_shot_good_01.mov,45,0.11750228857414763,completed,follow_through_to_completed,True
32,defensive_shot_good_01.mov,46,0.1966031845895968,cooldown,completed_to_cooldown,False
32,defensive_shot_good_01.mov,47,0.3441610685533609,cooldown,,False
32,defensive_shot_good_01.mov,48,0.4885240934359651,cooldown,,False
32,defensive_shot_good_01.mov,49,0.6350594334121176,cooldown,,False
32,defensive_shot_good_01.mov,50,0.8049136512194883,cooldown,,False
32,defensive_shot_good_01.mov,51,0.8276133636757751,cooldown,,False
32,defensive_shot_good_01.mov,52,0.8466929788979874,cooldown,,False
32,defensive_shot_good_01.mov,53,0.7788514015023948,cooldown,,False
32,defensive_shot_good_01.mov,54,0.6932056072272433,cooldown,,False
32,defensive_shot_good_01.mov,55,0.5507235423739412,cooldown,,False
32,defensive_shot_good_01.mov,56,0.5102232315567997,cooldown,,False
32,defensive_shot_good_01.mov,57,0.39460337058892103,cooldown,,False
32,defensive_shot_good_01.mov,58,0.3587907372491416,cooldown,,False
32,defensive_shot_good_01.mov,59,0.34003135209666,cooldown,,False
33,defensive_shot_good_02.mov,0,0.11035800778480215,idle,,False
33,defensive_shot_good_02.mov,1,0.1356780965443849,idle,,False
33,defensive_shot_good_02.mov,2,0.17263052395473333,idle,,False
33,defensive_shot_good_02.mov,3,0.22538663723387786,idle,,False
33,defensive_shot_good_02.mov,4,0.1874711454143853,idle,,False
33,defensive_shot_good_02.mov,5,0.24567421156548433,idle,,False
33,defensive_shot_good_02.mov,6,0.30110017137267336,preparation,idle_to_preparation,False
33,defensive_shot_good_02.mov,7,0.2990177188980526,backswing,preparation_to_backswing,False
33,defensive_shot_good_02.mov,8,0.37455774730824065,swing,backswing_to_swing,False
33,defensive_shot_good_02.mov,9,0.4640863186688494,swing,,False
33,defensive_shot_good_02.mov,10,0.448627002104247,swing,,False
33,defensive_shot_good_02.mov,11,0.4734600840430092,swing,,False
33,defensive_shot_good_02.mov,12,0.5198708307956614,swing,,False
33,defensive_shot_good_02.mov,13,0.4765623072816937,swing,,False
33,defensive_shot_good_02.mov,14,0.3669196209880075,swing,,False
33,defensive_shot_good_02.mov,15,0.3233923744082837,swing,,False
33,defensive_shot_good_02.mov,16,0.241105749952691,swing,,False
33,defensive_shot_good_02.mov,17,0.2001471184440916,swing,,False
33,defensive_shot_good_02.mov,18,0.1604361074867248,follow_through,swing_to_follow_through,False
33,defensive_shot_good_02.mov,19,0.19081804014412992,follow_through,,False
33,defensive_shot_good_02.mov,20,0.2517236216874031,follow_through,,False
33,defensive_shot_good_02.mov,21,0.35411786638607057,follow_through,,False
33,defensive_shot_good_02.mov,22,0.41345776842491866,follow_through,,False
33,defensive_shot_good_02.mov,23,0.5672697023478771,follow_through,,False
33,defensive_shot_good_02.mov,24,0.7159427285152402,follow_through,,False
33,defensive_shot_good_02.mov,25,0.824437284108194,follow_through,,False
33,defensive_shot_good_02.mov,26,0.8034494894698028,follow_through,,False
33,defensive_shot_good_02.mov,27,0.8963452071090492,follow_through,,False
33,defensive_shot_good_02.mov,28,0.8972566659680927,follow_through,,False
33,defensive_shot_good_02.mov,29,0.8324987413377065,follow_through,,False
33,defensive_shot_good_02.mov,30,0.6621052978048744,follow_through,,False
33,defensive_shot_good_02.mov,31,0.5897575287707341,follow_through,,False
33,defensive_shot_good_02.mov,32,0.4150489262567454,follow_through,,False
33,defensive_shot_good_02.mov,33,0.2233019403978841,follow_through,,False
33,defensive_shot_good_02.mov,34,0.09556797867444035,follow_through,,False
33,defensive_shot_good_02.mov,35,0.0754852509994649,follow_through,,False
33,defensive_shot_good_02.mov,36,0.06280458021659971,follow_through,,False
33,defensive_shot_good_02.mov,37,0.06815302871942458,completed,follow_through_to_completed,True
33,defensive_shot_good_02.mov,38,0.07126764653146922,cooldown,completed_to_cooldown,False
33,defensive_shot_good_02.mov,39,0.0805260897337713,cooldown,,False
33,defensive_shot_good_02.mov,40,0.08612904860717052,cooldown,,False
33,defensive_shot_good_02.mov,41,0.08285012567597091,cooldown,,False
33,defensive_shot_good_02.mov,42,0.08078093473487825,cooldown,,False
33,defensive_shot_good_02.mov,43,0.10761810242954062,cooldown,,False
33,defensive_shot_good_02.mov,44,0.14402837885080474,cooldown,,False
33,defensive_shot_good_02.mov,45,0.1937803964053439,cooldown,,False
33,defensive_shot_good_02.mov,46,0.2418143079790958,cooldown,,False
33,defensive_shot_good_02.mov,47,0.30117013864931935,cooldown,,False
33,defensive_shot_good_02.mov,48,0.3482354802868584,cooldown,,False
33,defensive_shot_good_02.mov,49,0.3749329229981396,cooldown,,False
33,defensive_shot_good_02.mov,50,0.37528313602877816,cooldown,,False
33,defensive_shot_good_02.mov,51,0.40543547376463046,cooldown,,False
33,defensive_shot_good_02.mov,52,0.3601915247338944,cooldown,,False
33,defensive_shot_good_02.mov,53,0.3105238866831904,cooldown,,False
33,defensive_shot_good_02.mov,54,0.2819389835608332,cooldown,,False
33,defensive_shot_good_02.mov,55,0.2302715040100311,cooldown,,False
33,defensive_shot_good_02.mov,56,0.16327610527629094,idle,cooldown_to_idle,False
33,defensive_shot_good_02.mov,57,0.1553346585342895,idle,,False
33,defensive_shot_good_02.mov,58,0.14703095510271355,idle,,False
33,defensive_shot_good_02.mov,59,0.12304038204715798,idle,,False
34,defensive_shot_good_03.mov,0,0.026626966924415414,idle,,False
34,defensive_shot_good_03.mov,1,0.04113996841262468,idle,,False
34,defensive_shot_good_03.mov,2,0.04880394411155059,idle,,False
34,defensive_shot_good_03.mov,3,0.05567058529931361,idle,,False
34,defensive_shot_good_03.mov,4,0.040489921163065344,idle,,False
34,defensive_shot_good_03.mov,5,0.04113669902640652,idle,,False
34,defensive_shot_good_03.mov,6,0.03625558459460376,idle,,False
34,defensive_shot_good_03.mov,7,0.0453273110966953,idle,,False
34,defensive_shot_good_03.mov,8,0.05618348792519773,idle,,False
34,defensive_shot_good_03.mov,9,0.05782161209011593,idle,,False
34,defensive_shot_good_03.mov,10,0.06742455516250301,idle,,False
34,defensive_shot_good_03.mov,11,0.07529770806546271,idle,,False
34,defensive_shot_good_03.mov,12,0.08458500223845156,idle,,False
34,defensive_shot_good_03.mov,13,0.09972606108608292,idle,,False
34,defensive_shot_good_03.mov,14,0.1683051849312353,idle,,False
34,defensive_shot_good_03.mov,15,0.22111337181112142,idle,,False
34,defensive_shot_good_03.mov,16,0.21881324308563493,idle,,False
34,defensive_shot_good_03.mov,17,0.23975869271636302,idle,,False
34,defensive_shot_good_03.mov,18,0.25291225763116015,idle,,False
34,defensive_shot_good_03.mov,19,0.2156537129591578,idle,,False
34,defensive_shot_good_03.mov,20,0.24170543842698072,idle,,False
34,defensive_shot_good_03.mov,21,0.2818768136676087,preparation,idle_to_preparation,False
34,defensive_shot_good_03.mov,22,0.2949659426661129,backswing,preparation_to_backswing,False
34,defensive_shot_good_03.mov,23,0.3308413610059626,swing,backswing_to_swing,False
34,defensive_shot_good_03.mov,24,0.3358240706598768,swing,,False
34,defensive_shot_good_03.mov,25,0.2774233094680547,swing,,False
34,defensive_shot_good_03.mov,26,0.2627538804305841,swing,,False
34,defensive_shot_good_03.mov,27,0.24698536799107024,swing,,False
34,defensive_shot_good_03.mov,28,0.19292214822271417,swing,,False
34,defensive_shot_good_03.mov,29,0.17293657788679484,follow_through,swing_to_follow_through,False
34,defensive_shot_good_03.mov,30,0.15343125642617475,follow_through,,False
34,defensive_shot_good_03.mov,31,0.1436052980990409,follow_through,,False
34,defensive_shot_good_03.mov,32,0.1562047107294952,follow_through,,False
34,defensive_shot_good_03.mov,33,0.1494536895762084,follow_through,,False
34,defensive_shot_good_03.mov,34,0.16149947174067827,follow_through,,False
34,defensive_shot_good_03.mov,35,0.23908720809152176,follow_through,,False
34,defensive_shot_good_03.mov,36,0.2903045769431982,follow_through,,False
34,defensive_shot_good_03.mov,37,0.34123761723430923,follow_through,,False
34,defensive_shot_good_03.mov,38,0.33408056013874055,follow_through,,False
34,defensive_shot_good_03.mov,39,0.3194176296585082,follow_through,,False
34,defensive_shot_good_03.mov,40,0.2519260950081384,follow_through,,False
34,defensive_shot_good_03.mov,41,0.18524414987022292,follow_through,,False
34,defensive_shot_good_03.mov,42,0.1676574368813678,follow_through,,False
34,defensive_shot_good_03.mov,43,0.2644363741013824,follow_through,,False
34,defensive_shot_good_03.mov,44,0.2856014348058372,follow_through,,False
34,defensive_shot_good_03.mov,45,0.32919347291753015,follow_through,,False
34,defensive_shot_good_03.mov,46,0.4667407674932238,follow_through,,False
34,defensive_shot_good_03.mov,47,0.43779399667572205,follow_through,,False
34,defensive_shot_good_03.mov,48,0.5270934973543755,follow_through,,False
34,defensive_shot_good_03.mov,49,0.6740947128218672,follow_through,,False
34,defensive_shot_good_03.mov,50,0.8012847154016997,follow_through,,False
34,defensive_shot_good_03.mov,51,0.8483210980023419,follow_through,,False
34,defensive_shot_good_03.mov,52,0.9032765375816062,follow_through,,False
34,defensive_shot_good_03.mov,53,0.7509320921485295,follow_through,,False
34,defensive_shot_good_03.mov,54,0.6007538467672816,follow_through,,False
34,defensive_shot_good_03.mov,55,0.6011046767507756,follow_through,,False
34,defensive_shot_good_03.mov,56,0.5130401588871106,follow_through,,False
34,defensive_shot_good_03.mov,57,0.4440208643333107,follow_through,,False
34,defensive_shot_good_03.mov,58,0.4435894864707848,follow_through,,False
34,defensive_shot_good_03.mov,59,0.45360801224952785,follow_through,,False
34,defensive_shot_good_03.mov,59,0.45360801224952785,completed,sequence_end_to_completed,True
35,defensive_shot_good_04.mov,0,0.10737083139066382,idle,,False
35,defensive_shot_good_04.mov,1,0.14937771072750888,idle,,False
35,defensive_shot_good_04.mov,2,0.18452848693204388,idle,,False
35,defensive_shot_good_04.mov,3,0.23952580556422282,idle,,False
35,defensive_shot_good_04.mov,4,0.20901524541312153,idle,,False
35,defensive_shot_good_04.mov,5,0.20621438891395297,idle,,False
35,defensive_shot_good_04.mov,6,0.19253444234354097,idle,,False
35,defensive_shot_good_04.mov,7,0.18108013429243572,idle,,False
35,defensive_shot_good_04.mov,8,0.15673038580298462,idle,,False
35,defensive_shot_good_04.mov,9,0.17890501830221667,idle,,False
35,defensive_shot_good_04.mov,10,0.1741928317157077,idle,,False
35,defensive_shot_good_04.mov,11,0.19892175387145034,idle,,False
35,defensive_shot_good_04.mov,12,0.23415969098387623,idle,,False
35,defensive_shot_good_04.mov,13,0.2893748514468724,preparation,idle_to_preparation,False
35,defensive_shot_good_04.mov,14,0.2737809515228785,backswing,preparation_to_backswing,False
35,defensive_shot_good_04.mov,15,0.2810212867026905,swing,backswing_to_swing,False
35,defensive_shot_good_04.mov,16,0.3791881587991701,swing,,False
35,defensive_shot_good_04.mov,17,0.3762252253216857,swing,,False
35,defensive_shot_good_04.mov,18,0.39827794627384916,swing,,False
35,defensive_shot_good_04.mov,19,0.450609045159845,swing,,False
35,defensive_shot_good_04.mov,20,0.4663198417864065,swing,,False
35,defensive_shot_good_04.mov,21,0.3794175488399751,swing,,False
35,defensive_shot_good_04.mov,22,0.3644407427999789,swing,,False
35,defensive_shot_good_04.mov,23,0.3160642488573717,swing,,False
35,defensive_shot_good_04.mov,24,0.274404806619587,swing,,False
35,defensive_shot_good_04.mov,25,0.24877109153847654,swing,,False
35,defensive_shot_good_04.mov,26,0.2933787181977658,swing,,False
35,defensive_shot_good_04.mov,27,0.29175875636816995,swing,,False
35,defensive_shot_good_04.mov,28,0.24436512720293396,swing,,False
35,defensive_shot_good_04.mov,29,0.21650571461105647,swing,,False
35,defensive_shot_good_04.mov,30,0.2105586482580469,swing,,False
35,defensive_shot_good_04.mov,31,0.1197469613499737,follow_through,swing_to_follow_through,False
35,defensive_shot_good_04.mov,32,0.12357792908951384,follow_through,,False
35,defensive_shot_good_04.mov,33,0.16869842964801596,follow_through,,False
35,defensive_shot_good_04.mov,34,0.1846219732584819,follow_through,,False
35,defensive_shot_good_04.mov,35,0.25453294227352147,follow_through,,False
35,defensive_shot_good_04.mov,36,0.27287545568294114,follow_through,,False
35,defensive_shot_good_04.mov,37,0.25269112601292276,follow_through,,False
35,defensive_shot_good_04.mov,38,0.34951245621636057,follow_through,,False
35,defensive_shot_good_04.mov,39,0.5189274651054747,follow_through,,False
35,defensive_shot_good_04.mov,40,0.6127705092505187,follow_through,,False
35,defensive_shot_good_04.mov,41,0.638934054812528,follow_through,,False
35,defensive_shot_good_04.mov,42,0.6796015486414078,follow_through,,False
35,defensive_shot_good_04.mov,43,0.5950158951232898,follow_through,,False
35,defensive_shot_good_04.mov,44,0.47943201602130664,follow_through,,False
35,defensive_shot_good_04.mov,45,0.4802288952039328,follow_through,,False
35,defensive_shot_good_04.mov,46,0.47650933109938676,follow_through,,False
35,defensive_shot_good_04.mov,47,0.4876547995334333,follow_through,,False
35,defensive_shot_good_04.mov,48,0.546949976105142,follow_through,,False
35,defensive_shot_good_04.mov,49,0.5531180163739313,follow_through,,False
35,defensive_shot_good_04.mov,50,0.5531180163739313,follow_through,,False
35,defensive_shot_good_04.mov,51,0.6219994970636231,follow_through,,False
35,defensive_shot_good_04.mov,52,0.6639052341940503,follow_through,,False
35,defensive_shot_good_04.mov,53,0.5996040195318318,follow_through,,False
35,defensive_shot_good_04.mov,54,0.5562350351428386,follow_through,,False
35,defensive_shot_good_04.mov,55,0.517096178192965,follow_through,,False
35,defensive_shot_good_04.mov,56,0.45166447219062317,follow_through,,False
35,defensive_shot_good_04.mov,57,0.4334683108945294,follow_through,,False
35,defensive_shot_good_04.mov,58,0.4675167233767337,follow_through,,False
35,defensive_shot_good_04.mov,59,0.5188454266844814,follow_through,,False
35,defensive_shot_good_04.mov,59,0.5188454266844814,completed,sequence_end_to_completed,True
36,defensive_shot_good_05.mov,0,0.04704671874423702,idle,,False
36,defensive_shot_good_05.mov,1,0.07576350760840887,idle,,False
36,defensive_shot_good_05.mov,2,0.0877873623033873,idle,,False
36,defensive_shot_good_05.mov,3,0.1164598180764714,idle,,False
36,defensive_shot_good_05.mov,4,0.14554322820133678,idle,,False
36,defensive_shot_good_05.mov,5,0.16474572201457396,idle,,False
36,defensive_shot_good_05.mov,6,0.2039453185592598,idle,,False
36,defensive_shot_good_05.mov,7,0.21775588767415477,idle,,False
36,defensive_shot_good_05.mov,8,0.20316399434245633,idle,,False
36,defensive_shot_good_05.mov,9,0.15529935187673116,idle,,False
36,defensive_shot_good_05.mov,10,0.12553992260487107,idle,,False
36,defensive_shot_good_05.mov,11,0.06772002787124266,idle,,False
36,defensive_shot_good_05.mov,12,0.05997209076030542,idle,,False
36,defensive_shot_good_05.mov,13,0.13641640595947596,idle,,False
36,defensive_shot_good_05.mov,14,0.14922139013888439,idle,,False
36,defensive_shot_good_05.mov,15,0.2315997777836008,idle,,False
36,defensive_shot_good_05.mov,16,0.26827955647560736,idle,,False
36,defensive_shot_good_05.mov,17,0.41488823467434044,preparation,idle_to_preparation,False
36,defensive_shot_good_05.mov,18,0.41761468548129327,backswing,preparation_to_backswing,False
36,defensive_shot_good_05.mov,19,0.5970838513091787,swing,backswing_to_swing,False
36,defensive_shot_good_05.mov,20,0.7047227627124142,swing,,False
36,defensive_shot_good_05.mov,21,0.7410094887895764,swing,,False
36,defensive_shot_good_05.mov,22,0.6230382262218521,swing,,False
36,defensive_shot_good_05.mov,23,0.6382243248794482,swing,,False
36,defensive_shot_good_05.mov,24,0.6352863896909478,swing,,False
36,defensive_shot_good_05.mov,25,0.6352863896909478,swing,,False
36,defensive_shot_good_05.mov,26,0.7285097921697469,swing,,False
36,defensive_shot_good_05.mov,27,0.7493368152955787,swing,,False
36,defensive_shot_good_05.mov,28,0.7042415942567591,swing,,False
36,defensive_shot_good_05.mov,29,0.5307238151261694,swing,,False
36,defensive_shot_good_05.mov,30,0.36734610269322754,swing,,False
36,defensive_shot_good_05.mov,31,0.22438301353871334,swing,,False
36,defensive_shot_good_05.mov,32,0.18935902824525674,swing,,False
36,defensive_shot_good_05.mov,33,0.14317586616614064,follow_through,swing_to_follow_through,False
36,defensive_shot_good_05.mov,34,0.14023665551789863,follow_through,,False
36,defensive_shot_good_05.mov,35,0.12340997765599727,follow_through,,False
36,defensive_shot_good_05.mov,36,0.1028365227517903,follow_through,,False
36,defensive_shot_good_05.mov,37,0.08771440652296097,follow_through,,False
36,defensive_shot_good_05.mov,38,0.0941944906068921,follow_through,,False
36,defensive_shot_good_05.mov,39,0.10155082442935016,completed,follow_through_to_completed,True
36,defensive_shot_good_05.mov,40,0.10508016332277488,cooldown,completed_to_cooldown,False
36,defensive_shot_good_05.mov,41,0.11548883569775487,cooldown,,False
36,defensive_shot_good_05.mov,42,0.11061122029623782,cooldown,,False
36,defensive_shot_good_05.mov,43,0.1327359182906361,cooldown,,False
36,defensive_shot_good_05.mov,44,0.17672809453723393,cooldown,,False
36,defensive_shot_good_05.mov,45,0.2065495952441041,cooldown,,False
36,defensive_shot_good_05.mov,46,0.22525690153566452,cooldown,,False
36,defensive_shot_good_05.mov,47,0.2390175164881512,cooldown,,False
36,defensive_shot_good_05.mov,48,0.24209563019936706,cooldown,,False
36,defensive_shot_good_05.mov,49,0.21645466668611454,cooldown,,False
36,defensive_shot_good_05.mov,50,0.19832620422461447,cooldown,,False
36,defensive_shot_good_05.mov,51,0.18927563426797536,cooldown,,False
36,defensive_shot_good_05.mov,52,0.20884872563591675,cooldown,,False
36,defensive_shot_good_05.mov,53,0.19507462128174913,cooldown,,False
36,defensive_shot_good_05.mov,54,0.21906718435173278,cooldown,,False
36,defensive_shot_good_05.mov,55,0.3466845585597133,cooldown,,False
36,defensive_shot_good_05.mov,56,0.3631709748714691,cooldown,,False
36,defensive_shot_good_05.mov,57,0.353800594631217,cooldown,,False
36,defensive_shot_good_05.mov,58,0.3552232938208197,cooldown,,False
36,defensive_shot_good_05.mov,59,0.32140864377451495,cooldown,,False
37,defensive_shot_good_06.mov,0,0.1714244736503182,idle,,False
37,defensive_shot_good_06.mov,1,0.22853111888158553,idle,,False
37,defensive_shot_good_06.mov,2,0.2974209306796271,preparation,idle_to_preparation,False
37,defensive_shot_good_06.mov,3,0.35263424450042863,backswing,preparation_to_backswing,False
37,defensive_shot_good_06.mov,4,0.3950277597226935,swing,backswing_to_swing,False
37,defensive_shot_good_06.mov,5,0.34931326437060156,swing,,False
37,defensive_shot_good_06.mov,6,0.3579388285530053,swing,,False
37,defensive_shot_good_06.mov,7,0.34665057633133645,swing,,False
37,defensive_shot_good_06.mov,8,0.3174541286209466,swing,,False
37,defensive_shot_good_06.mov,9,0.2453983196256118,swing,,False
37,defensive_shot_good_06.mov,10,0.21550356233388215,swing,,False
37,defensive_shot_good_06.mov,11,0.1578344663175038,follow_through,swing_to_follow_through,False
37,defensive_shot_good_06.mov,12,0.11315900399692207,follow_through,,False
37,defensive_shot_good_06.mov,13,0.11251743245240778,follow_through,,False
37,defensive_shot_good_06.mov,14,0.12457717016853011,follow_through,,False
37,defensive_shot_good_06.mov,15,0.12093987825531591,follow_through,,False
37,defensive_shot_good_06.mov,16,0.27530757855494886,follow_through,,False
37,defensive_shot_good_06.mov,17,0.3158758907028174,follow_through,,False
37,defensive_shot_good_06.mov,18,0.401250562735685,follow_through,,False
37,defensive_shot_good_06.mov,19,0.5627005058418797,follow_through,,False
37,defensive_shot_good_06.mov,20,0.6335950116847653,follow_through,,False
37,defensive_shot_good_06.mov,21,0.5856331258221852,follow_through,,False
37,defensive_shot_good_06.mov,22,0.7197239266484553,follow_through,,False
37,defensive_shot_good_06.mov,23,0.8089739600496904,follow_through,,False
37,defensive_shot_good_06.mov,24,0.8090765444573644,follow_through,,False
37,defensive_shot_good_06.mov,25,0.7770264955004351,follow_through,,False
37,defensive_shot_good_06.mov,26,0.7062939574295113,follow_through,,False
37,defensive_shot_good_06.mov,27,0.5894425712648416,follow_through,,False
37,defensive_shot_good_06.mov,28,0.46892572394504745,follow_through,,False
37,defensive_shot_good_06.mov,29,0.35255031905170564,follow_through,,False
37,defensive_shot_good_06.mov,30,0.32409588355596247,follow_through,,False
37,defensive_shot_good_06.mov,31,0.32568632547954185,follow_through,,False
37,defensive_shot_good_06.mov,32,0.2767195823190332,follow_through,,False
37,defensive_shot_good_06.mov,33,0.2192398159517915,follow_through,,False
37,defensive_shot_good_06.mov,34,0.15824261052336125,follow_through,,False
37,defensive_shot_good_06.mov,35,0.17280329166843922,follow_through,,False
37,defensive_shot_good_06.mov,36,0.16988706205616716,follow_through,,False
37,defensive_shot_good_06.mov,37,0.21761893382431094,follow_through,,False
37,defensive_shot_good_06.mov,38,0.22752032071202904,follow_through,,False
37,defensive_shot_good_06.mov,39,0.23128299507890526,follow_through,,False
37,defensive_shot_good_06.mov,40,0.2511903741509163,follow_through,,False
37,defensive_shot_good_06.mov,41,0.2734239542608687,follow_through,,False
37,defensive_shot_good_06.mov,42,0.32642769941115807,follow_through,,False
37,defensive_shot_good_06.mov,43,0.49452292621047583,follow_through,,False
37,defensive_shot_good_06.mov,44,0.6242851305099849,follow_through,,False
37,defensive_shot_good_06.mov,45,0.6295716643766025,follow_through,,False
37,defensive_shot_good_06.mov,46,0.6180309798257114,follow_through,,False
37,defensive_shot_good_06.mov,47,0.5207266286298885,follow_through,,False
37,defensive_shot_good_06.mov,48,0.4037811824251256,follow_through,,False
37,defensive_shot_good_06.mov,49,0.35771621847789825,follow_through,,False
37,defensive_shot_good_06.mov,50,0.4096738822668413,follow_through,,False
37,defensive_shot_good_06.mov,51,0.41925783029558233,follow_through,,False
37,defensive_shot_good_06.mov,52,0.4877347251558226,follow_through,,False
37,defensive_shot_good_06.mov,53,0.5209578508862739,follow_through,,False
37,defensive_shot_good_06.mov,54,0.5035016947931982,follow_through,,False
37,defensive_shot_good_06.mov,55,0.4457659504024574,follow_through,,False
37,defensive_shot_good_06.mov,56,0.4232235324881848,follow_through,,False
37,defensive_shot_good_06.mov,57,0.3580125044442287,follow_through,,False
37,defensive_shot_good_06.mov,58,0.2701990383621862,follow_through,,False
37,defensive_shot_good_06.mov,59,0.20603210350152176,follow_through,,False
37,defensive_shot_good_06.mov,59,0.20603210350152176,completed,sequence_end_to_completed,True
38,defensive_shot_good_07.mov,0,0.031874548807190095,idle,,False
38,defensive_shot_good_07.mov,1,0.08938052413121132,idle,,False
38,defensive_shot_good_07.mov,2,0.13984238857716463,idle,,False
38,defensive_shot_good_07.mov,3,0.17222902099581794,idle,,False
38,defensive_shot_good_07.mov,4,0.23322057050277234,idle,,False
38,defensive_shot_good_07.mov,5,0.29442969462713675,preparation,idle_to_preparation,False
38,defensive_shot_good_07.mov,6,0.30565518437163275,backswing,preparation_to_backswing,False
38,defensive_shot_good_07.mov,7,0.2746206471325216,backswing,,False
38,defensive_shot_good_07.mov,8,0.2989385569619045,swing,backswing_to_swing,False
38,defensive_shot_good_07.mov,9,0.28181733218354266,swing,,False
38,defensive_shot_good_07.mov,10,0.3050491916991143,swing,,False
38,defensive_shot_good_07.mov,11,0.2587327458988657,swing,,False
38,defensive_shot_good_07.mov,12,0.2787120613862131,swing,,False
38,defensive_shot_good_07.mov,13,0.23384992328903198,swing,,False
38,defensive_shot_good_07.mov,14,0.18692068986665944,swing,,False
38,defensive_shot_good_07.mov,15,0.12331271137063655,follow_through,swing_to_follow_through,False
38,defensive_shot_good_07.mov,16,0.15069198616092494,follow_through,,False
38,defensive_shot_good_07.mov,17,0.31116698099838075,follow_through,,False
38,defensive_shot_good_07.mov,18,0.38697517611896165,follow_through,,False
38,defensive_shot_good_07.mov,19,0.44796549931596924,follow_through,,False
38,defensive_shot_good_07.mov,20,0.6165530378635357,follow_through,,False
38,defensive_shot_good_07.mov,21,0.70753454763398,follow_through,,False
38,defensive_shot_good_07.mov,22,0.7076529101023348,follow_through,,False
38,defensive_shot_good_07.mov,23,0.7257174325139262,follow_through,,False
38,defensive_shot_good_07.mov,24,0.7521805833494308,follow_through,,False
38,defensive_shot_good_07.mov,25,0.7159397910883668,follow_through,,False
38,defensive_shot_good_07.mov,26,0.7308268115183457,follow_through,,False
38,defensive_shot_good_07.mov,27,0.6387976259495426,follow_through,,False
38,defensive_shot_good_07.mov,28,0.6221124324034365,follow_through,,False
38,defensive_shot_good_07.mov,29,0.7164227745660345,follow_through,,False
38,defensive_shot_good_07.mov,30,0.5969582001351608,follow_through,,False
38,defensive_shot_good_07.mov,31,0.48367563365596516,follow_through,,False
38,defensive_shot_good_07.mov,32,0.5193338762442946,follow_through,,False
38,defensive_shot_good_07.mov,33,0.47140149590027564,follow_through,,False
38,defensive_shot_good_07.mov,34,0.3367816744546426,follow_through,,False
38,defensive_shot_good_07.mov,35,0.3178239995025544,follow_through,,False
38,defensive_shot_good_07.mov,36,0.3085971392859773,follow_through,,False
38,defensive_shot_good_07.mov,37,0.19915701275921738,follow_through,,False
38,defensive_shot_good_07.mov,38,0.19565022533051468,follow_through,,False
38,defensive_shot_good_07.mov,39,0.15509871103799205,follow_through,,False
38,defensive_shot_good_07.mov,40,0.15226290155931033,follow_through,,False
38,defensive_shot_good_07.mov,41,0.19372410891131664,follow_through,,False
38,defensive_shot_good_07.mov,42,0.23510533131826764,follow_through,,False
38,defensive_shot_good_07.mov,43,0.3552893648325612,follow_through,,False
38,defensive_shot_good_07.mov,44,0.43787276770032835,follow_through,,False
38,defensive_shot_good_07.mov,45,0.5315158639143143,follow_through,,False
38,defensive_shot_good_07.mov,46,0.527928398598107,follow_through,,False
38,defensive_shot_good_07.mov,47,0.48765911309373017,follow_through,,False
38,defensive_shot_good_07.mov,48,0.37212229243467165,follow_through,,False
38,defensive_shot_good_07.mov,49,0.40936670023440097,follow_through,,False
38,defensive_shot_good_07.mov,50,0.33726206840692,follow_through,,False
38,defensive_shot_good_07.mov,51,0.3869544119073412,follow_through,,False
38,defensive_shot_good_07.mov,52,0.4167407428681331,follow_through,,False
38,defensive_shot_good_07.mov,53,0.48075835245041343,follow_through,,False
38,defensive_shot_good_07.mov,54,0.3973134551949141,follow_through,,False
38,defensive_shot_good_07.mov,55,0.39998627359635647,follow_through,,False
38,defensive_shot_good_07.mov,56,0.29657336807671386,follow_through,,False
38,defensive_shot_good_07.mov,57,0.29468708925304254,follow_through,,False
38,defensive_shot_good_07.mov,58,0.2516324259837887,follow_through,,False
38,defensive_shot_good_07.mov,59,0.25362176784240853,follow_through,,False
38,defensive_shot_good_07.mov,59,0.25362176784240853,completed,sequence_end_to_completed,True
39,defensive_shot_good_08.mov,0,0.12067699551779942,idle,,False
39,defensive_shot_good_08.mov,1,0.1395647301471936,idle,,False
39,defensive_shot_good_08.mov,2,0.1615087922783337,idle,,False
39,defensive_shot_good_08.mov,3,0.20358626630908178,idle,,False
39,defensive_shot_good_08.mov,4,0.1884038695040737,idle,,False
39,defensive_shot_good_08.mov,5,0.1704124501724726,idle,,False
39,defensive_shot_good_08.mov,6,0.16986920274709263,idle,,False
39,defensive_shot_good_08.mov,7,0.16446921780610982,idle,,False
39,defensive_shot_good_08.mov,8,0.14227635087297563,idle,,False
39,defensive_shot_good_08.mov,9,0.12345138993636831,idle,,False
39,defensive_shot_good_08.mov,10,0.09345468897876723,idle,,False
39,defensive_shot_good_08.mov,11,0.08393456429982436,idle,,False
39,defensive_shot_good_08.mov,12,0.09589441723967276,idle,,False
39,defensive_shot_good_08.mov,13,0.10740975763394622,idle,,False
39,defensive_shot_good_08.mov,14,0.11727119632637614,idle,,False
39,defensive_shot_good_08.mov,15,0.13985707240342948,idle,,False
39,defensive_shot_good_08.mov,16,0.19054886346602468,idle,,False
39,defensive_shot_good_08.mov,17,0.2970447023907027,preparation,idle_to_preparation,False
39,defensive_shot_good_08.mov,18,0.46564475489881535,backswing,preparation_to_backswing,False
39,defensive_shot_good_08.mov,19,0.6299408886915845,swing,backswing_to_swing,False
39,defensive_shot_good_08.mov,20,0.7646918338763891,swing,,False
39,defensive_shot_good_08.mov,21,0.7693866798521973,swing,,False
39,defensive_shot_good_08.mov,22,0.7966522269818073,swing,,False
39,defensive_shot_good_08.mov,23,0.7966522269818073,swing,,False
39,defensive_shot_good_08.mov,24,0.6813147470072691,swing,,False
39,defensive_shot_good_08.mov,25,0.6028265122526301,swing,,False
39,defensive_shot_good_08.mov,26,0.6925949718680358,swing,,False
39,defensive_shot_good_08.mov,27,0.6584228542159858,swing,,False
39,defensive_shot_good_08.mov,28,0.5505190857244524,swing,,False
39,defensive_shot_good_08.mov,29,0.666869664885077,swing,,False
39,defensive_shot_good_08.mov,30,0.7174291853865906,swing,,False
39,defensive_shot_good_08.mov,31,0.6111186336466996,swing,,False
39,defensive_shot_good_08.mov,32,0.6041703985686061,swing,,False
39,defensive_shot_good_08.mov,33,0.5885465486694083,swing,,False
39,defensive_shot_good_08.mov,34,0.418155725534441,swing,,False
39,defensive_shot_good_08.mov,35,0.32508747389993997,swing,,False
39,defensive_shot_good_08.mov,36,0.3372554870122241,swing,,False
39,defensive_shot_good_08.mov,37,0.2449266312828863,swing,,False
39,defensive_shot_good_08.mov,38,0.18104141889409892,swing,,False
39,defensive_shot_good_08.mov,39,0.186933873011474,swing,,False
39,defensive_shot_good_08.mov,40,0.15353229966050183,follow_through,swing_to_follow_through,False
39,defensive_shot_good_08.mov,41,0.10203384878993266,follow_through,,False
39,defensive_shot_good_08.mov,42,0.10172876040633906,follow_through,,False
39,defensive_shot_good_08.mov,43,0.11786983681158929,follow_through,,False
39,defensive_shot_good_08.mov,44,0.15223618904003583,follow_through,,False
39,defensive_shot_good_08.mov,45,0.19845203608153547,follow_through,,False
39,defensive_shot_good_08.mov,46,0.2495010931644878,follow_through,,False
39,defensive_shot_good_08.mov,47,0.2440283321847165,follow_through,,False
39,defensive_shot_good_08.mov,48,0.274300446489475,follow_through,,False
39,defensive_shot_good_08.mov,49,0.2948450810321891,follow_through,,False
39,defensive_shot_good_08.mov,50,0.2936819450596519,follow_through,,False
39,defensive_shot_good_08.mov,51,0.3429665963550357,follow_through,,False
39,defensive_shot_good_08.mov,52,0.4539454239978564,follow_through,,False
39,defensive_shot_good_08.mov,53,0.4853779172851129,follow_through,,False
39,defensive_shot_good_08.mov,54,0.46922494481366533,follow_through,,False
39,defensive_shot_good_08.mov,55,0.5879477252455676,follow_through,,False
39,defensive_shot_good_08.mov,56,0.5464697516931845,follow_through,,False
39,defensive_shot_good_08.mov,57,0.48243747635460443,follow_through,,False
39,defensive_shot_good_08.mov,58,0.4619894338025464,follow_through,,False
39,defensive_shot_good_08.mov,59,0.457714599186114,follow_through,,False
39,defensive_shot_good_08.mov,59,0.457714599186114,completed,sequence_end_to_completed,True
40,pull_shot_average_01.mov,0,0.10136261572734717,idle,,False
40,pull_shot_average_01.mov,1,0.12170709760522043,idle,,False
40,pull_shot_average_01.mov,2,0.14128471097504094,idle,,False
40,pull_shot_average_01.mov,3,0.1609193322090876,idle,,False
40,pull_shot_average_01.mov,4,0.12272230584270899,idle,,False
40,pull_shot_average_01.mov,5,0.11147015552219497,idle,,False
40,pull_shot_average_01.mov,6,0.10400458661960621,idle,,False
40,pull_shot_average_01.mov,7,0.1410089413195989,idle,,False
40,pull_shot_average_01.mov,8,0.13874281868365504,idle,,False
40,pull_shot_average_01.mov,9,0.1556281095938116,idle,,False
40,pull_shot_average_01.mov,10,0.1819222858359922,idle,,False
40,pull_shot_average_01.mov,11,0.25502549691316534,idle,,False
40,pull_shot_average_01.mov,12,0.24624198200641867,idle,,False
40,pull_shot_average_01.mov,13,0.316588888564339,preparation,idle_to_preparation,False
40,pull_shot_average_01.mov,14,0.3757219157602219,backswing,preparation_to_backswing,False
40,pull_shot_average_01.mov,15,0.35661416201755736,swing,backswing_to_swing,False
40,pull_shot_average_01.mov,16,0.29425051791434675,swing,,False
40,pull_shot_average_01.mov,17,0.2797068827134639,swing,,False
40,pull_shot_average_01.mov,18,0.21051733910481127,swing,,False
40,pull_shot_average_01.mov,19,0.1494767890494454,follow_through,swing_to_follow_through,False
40,pull_shot_average_01.mov,20,0.12271637175590981,follow_through,,False
40,pull_shot_average_01.mov,21,0.19219759426115993,follow_through,,False
40,pull_shot_average_01.mov,22,0.2651523746179155,follow_through,,False
40,pull_shot_average_01.mov,23,0.35943391270672714,follow_through,,False
40,pull_shot_average_01.mov,24,0.44295421523345346,follow_through,,False
40,pull_shot_average_01.mov,25,0.4764581077260476,follow_through,,False
40,pull_shot_average_01.mov,26,0.5308394898452953,follow_through,,False
40,pull_shot_average_01.mov,27,0.624629891526356,follow_through,,False
40,pull_shot_average_01.mov,28,0.7118224918901739,follow_through,,False
40,pull_shot_average_01.mov,29,0.7961069076811468,follow_through,,False
40,pull_shot_average_01.mov,30,0.8541291459301262,follow_through,,False
40,pull_shot_average_01.mov,31,0.7450247316437519,follow_through,,False
40,pull_shot_average_01.mov,32,0.6480831652425727,follow_through,,False
40,pull_shot_average_01.mov,33,0.6480831652425727,follow_through,,False
40,pull_shot_average_01.mov,34,0.6116442519947145,follow_through,,False
40,pull_shot_average_01.mov,35,0.59164425439297,follow_through,,False
40,pull_shot_average_01.mov,36,0.6253019227727767,follow_through,,False
40,pull_shot_average_01.mov,37,0.5843456227433361,follow_through,,False
40,pull_shot_average_01.mov,38,0.49510910299225236,follow_through,,False
40,pull_shot_average_01.mov,39,0.3768650536659268,follow_through,,False
40,pull_shot_average_01.mov,40,0.35969904069920794,follow_through,,False
40,pull_shot_average_01.mov,41,0.37251667574530595,follow_through,,False
40,pull_shot_average_01.mov,42,0.434558148309642,follow_through,,False
40,pull_shot_average_01.mov,43,0.40566663895582183,follow_through,,False
40,pull_shot_average_01.mov,44,0.44291609145737204,follow_through,,False
40,pull_shot_average_01.mov,45,0.5151575558809608,follow_through,,False
40,pull_shot_average_01.mov,46,0.4942448302122716,follow_through,,False
40,pull_shot_average_01.mov,47,0.4247192468019952,follow_through,,False
40,pull_shot_average_01.mov,48,0.41469801300465403,follow_through,,False
40,pull_shot_average_01.mov,49,0.40963299417300497,follow_through,,False
40,pull_shot_average_01.mov,50,0.3340948803934099,follow_through,,False
40,pull_shot_average_01.mov,51,0.34844358099650724,follow_through,,False
40,pull_shot_average_01.mov,52,0.4029149054492164,follow_through,,False
40,pull_shot_average_01.mov,53,0.36498260894922563,follow_through,,False
40,pull_shot_average_01.mov,54,0.34202367476939854,follow_through,,False
40,pull_shot_average_01.mov,55,0.3322417907915512,follow_through,,False
40,pull_shot_average_01.mov,56,0.27800374991215765,follow_through,,False
40,pull_shot_average_01.mov,57,0.18734880468102963,follow_through,,False
40,pull_shot_average_01.mov,58,0.17186476602828654,follow_through,,False
40,pull_shot_average_01.mov,59,0.1366641587209107,follow_through,,False
40,pull_shot_average_01.mov,59,0.1366641587209107,completed,sequence_end_to_completed,True
41,pull_shot_average_02.mov,0,0.1277383223603328,idle,,False
41,pull_shot_average_02.mov,1,0.16444506210015122,idle,,False
41,pull_shot_average_02.mov,2,0.25587232874570875,idle,,False
41,pull_shot_average_02.mov,3,0.30848570430831607,preparation,idle_to_preparation,False
41,pull_shot_average_02.mov,4,0.2486573334252229,backswing,preparation_to_backswing,False
41,pull_shot_average_02.mov,5,0.28817055940053227,swing,backswing_to_swing,False
41,pull_shot_average_02.mov,6,0.28417396257059985,swing,,False
41,pull_shot_average_02.mov,7,0.2632219331813859,swing,,False
41,pull_shot_average_02.mov,8,0.24456073469815903,swing,,False
41,pull_shot_average_02.mov,9,0.2867545859588885,swing,,False
41,pull_shot_average_02.mov,10,0.2863064881145464,swing,,False
41,pull_shot_average_02.mov,11,0.33240722894901537,swing,,False
41,pull_shot_average_02.mov,12,0.2918604652419396,swing,,False
41,pull_shot_average_02.mov,13,0.28042646369556795,swing,,False
41,pull_shot_average_02.mov,14,0.22988814534651472,swing,,False
41,pull_shot_average_02.mov,15,0.1628915919341619,follow_through,swing_to_follow_through,False
41,pull_shot_average_02.mov,16,0.10711442710323055,follow_through,,False
41,pull_shot_average_02.mov,17,0.09937129485599816,follow_through,,False
41,pull_shot_average_02.mov,18,0.14056473472567896,follow_through,,False
41,pull_shot_average_02.mov,19,0.21356444587861012,follow_through,,False
41,pull_shot_average_02.mov,20,0.3005223882361293,follow_through,,False
41,pull_shot_average_02.mov,21,0.4391923830067946,follow_through,,False
41,pull_shot_average_02.mov,22,0.46636737552887736,follow_through,,False
41,pull_shot_average_02.mov,23,0.4894833753910348,follow_through,,False
41,pull_shot_average_02.mov,24,0.49469082304269,follow_through,,False
41,pull_shot_average_02.mov,25,0.48449017971185626,follow_through,,False
41,pull_shot_average_02.mov,26,0.4211403242994547,follow_through,,False
41,pull_shot_average_02.mov,27,0.4946510900000299,follow_through,,False
41,pull_shot_average_02.mov,28,0.6078234747351828,follow_through,,False
41,pull_shot_average_02.mov,29,0.707480367089379,follow_through,,False
41,pull_shot_average_02.mov,30,0.8212249577963806,follow_through,,False
41,pull_shot_average_02.mov,31,0.88398753619321,follow_through,,False
41,pull_shot_average_02.mov,32,0.8217863403934964,follow_through,,False
41,pull_shot_average_02.mov,33,0.6497816997210142,follow_through,,False
41,pull_shot_average_02.mov,34,0.5539514078784861,follow_through,,False
41,pull_shot_average_02.mov,35,0.46856394299073606,follow_through,,False
41,pull_shot_average_02.mov,36,0.3605549363921407,follow_through,,False
41,pull_shot_average_02.mov,37,0.41092167289517534,follow_through,,False
41,pull_shot_average_02.mov,38,0.39985483238435765,follow_through,,False
41,pull_shot_average_02.mov,39,0.35130467686918304,follow_through,,False
41,pull_shot_average_02.mov,40,0.27805360827869946,follow_through,,False
41,pull_shot_average_02.mov,41,0.3049125236251651,follow_through,,False
41,pull_shot_average_02.mov,42,0.2882639274255719,follow_through,,False
41,pull_shot_average_02.mov,43,0.37809111839539694,follow_through,,False
41,pull_shot_average_02.mov,44,0.521110715214655,follow_through,,False
41,pull_shot_average_02.mov,45,0.6054433132483221,follow_through,,False
41,pull_shot_average_02.mov,46,0.6127016239494784,follow_through,,False
41,pull_shot_average_02.mov,47,0.659988418298288,follow_through,,False
41,pull_shot_average_02.mov,48,0.6514405855918878,follow_through,,False
41,pull_shot_average_02.mov,49,0.5212904432729029,follow_through,,False
41,pull_shot_average_02.mov,50,0.5012455746501981,follow_through,,False
41,pull_shot_average_02.mov,51,0.5758456254100631,follow_through,,False
41,pull_shot_average_02.mov,52,0.49628590833649117,follow_through,,False
41,pull_shot_average_02.mov,53,0.43987016256391,follow_through,,False
41,pull_shot_average_02.mov,54,0.4644509860232754,follow_through,,False
41,pull_shot_average_02.mov,55,0.39017298984836324,follow_through,,False
41,pull_shot_average_02.mov,56,0.27102716072433125,follow_through,,False
41,pull_shot_average_02.mov,57,0.251728242289888,follow_through,,False
41,pull_shot_average_02.mov,58,0.25275231385155955,follow_through,,False
41,pull_shot_average_02.mov,59,0.20249868611883878,follow_through,,False
41,pull_shot_average_02.mov,59,0.20249868611883878,completed,sequence_end_to_completed,True
42,pull_shot_average_03.mov,0,0.01893176458020105,idle,,False
42,pull_shot_average_03.mov,1,0.02500637119427483,idle,,False
42,pull_shot_average_03.mov,2,0.02787484482890958,idle,,False
42,pull_shot_average_03.mov,3,0.03832281252765488,idle,,False
42,pull_shot_average_03.mov,4,0.031023348391010272,idle,,False
42,pull_shot_average_03.mov,5,0.023596250854385492,idle,,False
42,pull_shot_average_03.mov,6,0.024425950180653834,idle,,False
42,pull_shot_average_03.mov,7,0.028140878326549417,idle,,False
42,pull_shot_average_03.mov,8,0.02706168648108529,idle,,False
42,pull_shot_average_03.mov,9,0.0329579483196056,idle,,False
42,pull_shot_average_03.mov,10,0.03782104278493767,idle,,False
42,pull_shot_average_03.mov,11,0.039283755847545315,idle,,False
42,pull_shot_average_03.mov,12,0.04570225795613757,idle,,False
42,pull_shot_average_03.mov,13,0.057122754519545835,idle,,False
42,pull_shot_average_03.mov,14,0.06760697656578894,idle,,False
42,pull_shot_average_03.mov,15,0.08313786245347943,idle,,False
42,pull_shot_average_03.mov,16,0.08514314539764704,idle,,False
42,pull_shot_average_03.mov,17,0.13578584174668115,idle,,False
42,pull_shot_average_03.mov,18,0.18976413683869583,idle,,False
42,pull_shot_average_03.mov,19,0.21346696164234094,idle,,False
42,pull_shot_average_03.mov,20,0.2286285187414538,idle,,False
42,pull_shot_average_03.mov,21,0.24876752321454584,idle,,False
42,pull_shot_average_03.mov,22,0.2215143583667338,idle,,False
42,pull_shot_average_03.mov,23,0.2263742589362495,idle,,False
42,pull_shot_average_03.mov,24,0.28086681628643784,preparation,idle_to_preparation,False
42,pull_shot_average_03.mov,25,0.26842774117104207,backswing,preparation_to_backswing,False
42,pull_shot_average_03.mov,26,0.31636207374476455,swing,backswing_to_swing,False
42,pull_shot_average_03.mov,27,0.4799706383544199,swing,,False
42,pull_shot_average_03.mov,28,0.5334630423312305,swing,,False
42,pull_shot_average_03.mov,29,0.6359596224293618,swing,,False
42,pull_shot_average_03.mov,30,0.6473687637240692,swing,,False
42,pull_shot_average_03.mov,31,0.6397648025874896,swing,,False
42,pull_shot_average_03.mov,32,0.5207565303017009,swing,,False
42,pull_shot_average_03.mov,33,0.4096228135682631,swing,,False
42,pull_shot_average_03.mov,34,0.2948056713129761,swing,,False
42,pull_shot_average_03.mov,35,0.3528173534216553,swing,,False
42,pull_shot_average_03.mov,36,0.481975675564303,swing,,False
42,pull_shot_average_03.mov,37,0.4776404290441959,swing,,False
42,pull_shot_average_03.mov,38,0.6556542737226032,swing,,False
42,pull_shot_average_03.mov,39,0.6813226310898187,swing,,False
42,pull_shot_average_03.mov,40,0.636306658947336,swing,,False
42,pull_shot_average_03.mov,41,0.5367366993390709,swing,,False
42,pull_shot_average_03.mov,42,0.5558163886401986,swing,,False
42,pull_shot_average_03.mov,43,0.4107429136909904,swing,,False
42,pull_shot_average_03.mov,44,0.346134263064722,swing,,False
42,pull_shot_average_03.mov,45,0.35593698604198165,swing,,False
42,pull_shot_average_03.mov,46,0.2785992747523896,swing,,False
42,pull_shot_average_03.mov,47,0.19446968772385767,swing,,False
42,pull_shot_average_03.mov,48,0.1634290219023769,follow_through,swing_to_follow_through,False
42,pull_shot_average_03.mov,49,0.13883261778386916,follow_through,,False
42,pull_shot_average_03.mov,50,0.10785521931469629,follow_through,,False
42,pull_shot_average_03.mov,51,0.11913028556991692,follow_through,,False
42,pull_shot_average_03.mov,52,0.20450697790753447,follow_through,,False
42,pull_shot_average_03.mov,53,0.22464100430236986,follow_through,,False
42,pull_shot_average_03.mov,54,0.23156671215190158,follow_through,,False
42,pull_shot_average_03.mov,55,0.24438321585191394,follow_through,,False
42,pull_shot_average_03.mov,56,0.263134224171769,follow_through,,False
42,pull_shot_average_03.mov,57,0.21562797402796927,follow_through,,False
42,pull_shot_average_03.mov,58,0.22108511406434056,follow_through,,False
42,pull_shot_average_03.mov,59,0.24262884267804835,follow_through,,False
42,pull_shot_average_03.mov,59,0.24262884267804835,completed,sequence_end_to_completed,True
43,pull_shot_average_04.mov,0,0.018322031876785643,idle,,False
43,pull_shot_average_04.mov,1,0.022975414648239507,idle,,False
43,pull_shot_average_04.mov,2,0.028794783440723216,idle,,False
43,pull_shot_average_04.mov,3,0.03712259309102431,idle,,False
43,pull_shot_average_04.mov,4,0.03322267875307777,idle,,False
43,pull_shot_average_04.mov,5,0.03074652541494168,idle,,False
43,pull_shot_average_04.mov,6,0.036876881267548955,idle,,False
43,pull_shot_average_04.mov,7,0.03928054966082603,idle,,False
43,pull_shot_average_04.mov,8,0.037038362673509434,idle,,False
43,pull_shot_average_04.mov,9,0.04312312711537654,idle,,False
43,pull_shot_average_04.mov,10,0.04701672420158873,idle,,False
43,pull_shot_average_04.mov,11,0.04577191429465017,idle,,False
43,pull_shot_average_04.mov,12,0.04528571059282009,idle,,False
43,pull_shot_average_04.mov,13,0.044614576977740066,idle,,False
43,pull_shot_average_04.mov,14,0.033526089175693156,idle,,False
43,pull_shot_average_04.mov,15,0.028450376123008173,idle,,False
43,pull_shot_average_04.mov,16,0.027124074208629327,idle,,False
43,pull_shot_average_04.mov,17,0.03251087240738146,idle,,False
43,pull_shot_average_04.mov,18,0.046895062201867184,idle,,False
43,pull_shot_average_04.mov,19,0.06964216825596142,idle,,False
43,pull_shot_average_04.mov,20,0.0994350708849842,idle,,False
43,pull_shot_average_04.mov,21,0.12362651172535936,idle,,False
43,pull_shot_average_04.mov,22,0.1565305228385838,idle,,False
43,pull_shot_average_04.mov,23,0.1598235666166952,idle,,False
43,pull_shot_average_04.mov,24,0.20518441330812204,idle,,False
43,pull_shot_average_04.mov,25,0.2925855025491407,preparation,idle_to_preparation,False
43,pull_shot_average_04.mov,26,0.3644021831386292,backswing,preparation_to_backswing,False
43,pull_shot_average_04.mov,27,0.4355356080242849,swing,backswing_to_swing,False
43,pull_shot_average_04.mov,28,0.5594502089757456,swing,,False
43,pull_shot_average_04.mov,29,0.6003048244910509,swing,,False
43,pull_shot_average_04.mov,30,0.6781174320955939,swing,,False
43,pull_shot_average_04.mov,31,0.646632141498546,swing,,False
43,pull_shot_average_04.mov,32,0.729471073816983,swing,,False
43,pull_shot_average_04.mov,33,0.6577306630658108,swing,,False
43,pull_shot_average_04.mov,34,0.7466763933674732,swing,,False
43,pull_shot_average_04.mov,35,0.7480013704563495,swing,,False
43,pull_shot_average_04.mov,36,0.7163067976948377,swing,,False
43,pull_shot_average_04.mov,37,0.6718815643326667,swing,,False
43,pull_shot_average_04.mov,38,0.655491545939231,swing,,False
43,pull_shot_average_04.mov,39,0.4860389261352116,swing,,False
43,pull_shot_average_04.mov,40,0.3084382452711952,swing,,False
43,pull_shot_average_04.mov,41,0.31031705100631085,swing,,False
43,pull_shot_average_04.mov,42,0.1926428641919921,swing,,False
43,pull_shot_average_04.mov,43,0.17043264322962245,follow_through,swing_to_follow_through,False
43,pull_shot_average_04.mov,44,0.18542983238220911,follow_through,,False
43,pull_shot_average_04.mov,45,0.21070307325730162,follow_through,,False
43,pull_shot_average_04.mov,46,0.19024778246611312,follow_through,,False
43,pull_shot_average_04.mov,47,0.1708637056685127,follow_through,,False
43,pull_shot_average_04.mov,48,0.18624254844463725,follow_through,,False
43,pull_shot_average_04.mov,49,0.17736063958062698,follow_through,,False
43,pull_shot_average_04.mov,50,0.1478825976201153,follow_through,,False
43,pull_shot_average_04.mov,51,0.14892155201130983,follow_through,,False
43,pull_shot_average_04.mov,52,0.16516754345106802,follow_through,,False
43,pull_shot_average_04.mov,53,0.12726820755595067,follow_through,,False
43,pull_shot_average_04.mov,54,0.1091928601817176,follow_through,,False
43,pull_shot_average_04.mov,55,0.10943931707228916,follow_through,,False
43,pull_shot_average_04.mov,56,0.09558783797950787,follow_through,,False
43,pull_shot_average_04.mov,57,0.07871423265867811,completed,follow_through_to_completed,True
43,pull_shot_average_04.mov,58,0.08245794145752441,cooldown,completed_to_cooldown,False
43,pull_shot_average_04.mov,59,0.08175951749203882,cooldown,,False
44,pull_shot_average_05.mov,0,0.03999851987945027,idle,,False
44,pull_shot_average_05.mov,1,0.04502039573540111,idle,,False
44,pull_shot_average_05.mov,2,0.05834230125864962,idle,,False
44,pull_shot_average_05.mov,3,0.06580627573932481,idle,,False
44,pull_shot_average_05.mov,4,0.06070268946506017,idle,,False
44,pull_shot_average_05.mov,5,0.05681163697392622,idle,,False
44,pull_shot_average_05.mov,6,0.06557880971335309,idle,,False
44,pull_shot_average_05.mov,7,0.06911548657535994,idle,,False
44,pull_shot_average_05.mov,8,0.08328111609326433,idle,,False
44,pull_shot_average_05.mov,9,0.09707051786013224,idle,,False
44,pull_shot_average_05.mov,10,0.10439308267673011,idle,,False
44,pull_shot_average_05.mov,11,0.10685272027429886,idle,,False
44,pull_shot_average_05.mov,12,0.11158684092251153,idle,,False
44,pull_shot_average_05.mov,13,0.10123099851230388,idle,,False
44,pull_shot_average_05.mov,14,0.10057846822097635,idle,,False
44,pull_shot_average_05.mov,15,0.07913023157951427,idle,,False
44,pull_shot_average_05.mov,16,0.07465368005991786,idle,,False
44,pull_shot_average_05.mov,17,0.06512900582842089,idle,,False
44,pull_shot_average_05.mov,18,0.06264229033183195,idle,,False
44,pull_shot_average_05.mov,19,0.05399978275530924,idle,,False
44,pull_shot_average_05.mov,20,0.05847845211484753,idle,,False
44,pull_shot_average_05.mov,21,0.07162853981006168,idle,,False
44,pull_shot_average_05.mov,22,0.10210379973235525,idle,,False
44,pull_shot_average_05.mov,23,0.148743332760198,idle,,False
44,pull_shot_average_05.mov,24,0.21864619441436706,idle,,False
44,pull_shot_average_05.mov,25,0.24125347700052466,idle,,False
44,pull_shot_average_05.mov,26,0.38507090770035524,preparation,idle_to_preparation,False
44,pull_shot_average_05.mov,27,0.4362249434045245,backswing,preparation_to_backswing,False
44,pull_shot_average_05.mov,28,0.4514083098032234,swing,backswing_to_swing,False
44,pull_shot_average_05.mov,29,0.42820915363874656,swing,,False
44,pull_shot_average_05.mov,30,0.45405446638849833,swing,,False
44,pull_shot_average_05.mov,31,0.3953532937723984,swing,,False
44,pull_shot_average_05.mov,32,0.4214780117310281,swing,,False
44,pull_shot_average_05.mov,33,0.4298100995917871,swing,,False
44,pull_shot_average_05.mov,34,0.5680505398507993,swing,,False
44,pull_shot_average_05.mov,35,0.6741559899516567,swing,,False
44,pull_shot_average_05.mov,36,0.6921517588017537,swing,,False
44,pull_shot_average_05.mov,37,0.6378563774527265,swing,,False
44,pull_shot_average_05.mov,38,0.714712244258559,swing,,False
44,pull_shot_average_05.mov,39,0.714712244258559,swing,,False
44,pull_shot_average_05.mov,40,0.7373558289942989,swing,,False
44,pull_shot_average_05.mov,41,0.6689372344419175,swing,,False
44,pull_shot_average_05.mov,42,0.8022128786405067,swing,,False
44,pull_shot_average_05.mov,43,0.8100511097995202,swing,,False
44,pull_shot_average_05.mov,44,0.674899378211345,swing,,False
44,pull_shot_average_05.mov,45,0.5480948634652678,swing,,False
44,pull_shot_average_05.mov,46,0.6411654566390371,swing,,False
44,pull_shot_average_05.mov,47,0.6423631514024115,swing,,False
44,pull_shot_average_05.mov,48,0.5361119425825289,swing,,False
44,pull_shot_average_05.mov,49,0.568164040477863,swing,,False
44,pull_shot_average_05.mov,50,0.5835724603317222,swing,,False
44,pull_shot_average_05.mov,51,0.48868435759912804,swing,,False
44,pull_shot_average_05.mov,52,0.3570632073881497,swing,,False
44,pull_shot_average_05.mov,53,0.3527212783222904,swing,,False
44,pull_shot_average_05.mov,54,0.33288332982283414,swing,,False
44,pull_shot_average_05.mov,55,0.332297183483699,swing,,False
44,pull_shot_average_05.mov,56,0.33890838085455893,swing,,False
44,pull_shot_average_05.mov,57,0.35619857511174313,swing,,False
44,pull_shot_average_05.mov,58,0.38882462569976145,swing,,False
44,pull_shot_average_05.mov,59,0.3974312519382647,swing,,False
44,pull_shot_average_05.mov,59,0.3974312519382647,completed,sequence_end_to_completed,True
45,pull_shot_average_06.mov,0,0.07086445127193924,idle,,False
45,pull_shot_average_06.mov,1,0.08840547061399544,idle,,False
45,pull_shot_average_06.mov,2,0.10202097559370635,idle,,False
45,pull_shot_average_06.mov,3,0.11241079763967131,idle,,False
45,pull_shot_average_06.mov,4,0.0691754148291334,idle,,False
45,pull_shot_average_06.mov,5,0.06717483102132246,idle,,False
45,pull_shot_average_06.mov,6,0.056030987884911405,idle,,False
45,pull_shot_average_06.mov,7,0.0650731417370218,idle,,False
45,pull_shot_average_06.mov,8,0.09877213735907862,idle,,False
45,pull_shot_average_06.mov,9,0.12466431860800083,idle,,False
45,pull_shot_average_06.mov,10,0.11405863994763807,idle,,False
45,pull_shot_average_06.mov,11,0.11628561309169202,idle,,False
45,pull_shot_average_06.mov,12,0.1423572133102584,idle,,False
45,pull_shot_average_06.mov,13,0.13237094380394016,idle,,False
45,pull_shot_average_06.mov,14,0.11301869421208857,idle,,False
45,pull_shot_average_06.mov,15,0.11143674916762619,idle,,False
45,pull_shot_average_06.mov,16,0.10643153972772501,idle,,False
45,pull_shot_average_06.mov,17,0.06938415258082767,idle,,False
45,pull_shot_average_06.mov,18,0.04229706884584394,idle,,False
45,pull_shot_average_06.mov,19,0.056711258506465786,idle,,False
45,pull_shot_average_06.mov,20,0.08104704269357287,idle,,False
45,pull_shot_average_06.mov,21,0.1276715380596134,idle,,False
45,pull_shot_average_06.mov,22,0.15324133776569485,idle,,False
45,pull_shot_average_06.mov,23,0.2355904801268026,idle,,False
45,pull_shot_average_06.mov,24,0.25969157385423725,idle,,False
45,pull_shot_average_06.mov,25,0.25464889186809087,idle,,False
45,pull_shot_average_06.mov,26,0.2357154919288968,idle,,False
45,pull_shot_average_06.mov,27,0.24571574360514603,idle,,False
45,pull_shot_average_06.mov,28,0.2193427039575883,idle,,False
45,pull_shot_average_06.mov,29,0.2614939548570653,idle,,False
45,pull_shot_average_06.mov,30,0.4063000702907313,preparation,idle_to_preparation,False
45,pull_shot_average_06.mov,31,0.574990034954087,backswing,preparation_to_backswing,False
45,pull_shot_average_06.mov,32,0.6515321934546626,swing,backswing_to_swing,False
45,pull_shot_average_06.mov,33,0.7019871099513633,swing,,False
45,pull_shot_average_06.mov,34,0.7458310299641513,swing,,False
45,pull_shot_average_06.mov,35,0.6472751532919712,swing,,False
45,pull_shot_average_06.mov,36,0.6277242160048848,swing,,False
45,pull_shot_average_06.mov,37,0.703930134218488,swing,,False
45,pull_shot_average_06.mov,38,0.6670269604206931,swing,,False
45,pull_shot_average_06.mov,39,0.5623141071344797,swing,,False
45,pull_shot_average_06.mov,40,0.5070584275220547,swing,,False
45,pull_shot_average_06.mov,41,0.41409231722147727,swing,,False
45,pull_shot_average_06.mov,42,0.4138087551786623,swing,,False
45,pull_shot_average_06.mov,43,0.5372654453394867,swing,,False
45,pull_shot_average_06.mov,44,0.5983441882781594,swing,,False
45,pull_shot_average_06.mov,45,0.6534097196531725,swing,,False
45,pull_shot_average_06.mov,46,0.640308365469264,swing,,False
45,pull_shot_average_06.mov,47,0.5035944700601561,swing,,False
45,pull_shot_average_06.mov,48,0.4220365637913602,swing,,False
45,pull_shot_average_06.mov,49,0.4307227431388873,swing,,False
45,pull_shot_average_06.mov,50,0.48905131798921164,swing,,False
45,pull_shot_average_06.mov,51,0.47261966293812235,swing,,False
45,pull_shot_average_06.mov,52,0.4616891574869548,swing,,False
45,pull_shot_average_06.mov,53,0.43506760370437025,swing,,False
45,pull_shot_average_06.mov,54,0.36024276476631023,swing,,False
45,pull_shot_average_06.mov,55,0.26110086032927615,swing,,False
45,pull_shot_average_06.mov,56,0.2342764235845099,swing,,False
45,pull_shot_average_06.mov,57,0.24342925133927332,swing,,False
45,pull_shot_average_06.mov,58,0.21283357624232707,swing,,False
45,pull_shot_average_06.mov,59,0.2512555754733785,swing,,False
45,pull_shot_average_06.mov,59,0.2512555754733785,completed,sequence_end_to_completed,True
46,pull_shot_average_07.mov,0,0.07362173238657402,idle,,False
46,pull_shot_average_07.mov,1,0.08423091070027666,idle,,False
46,pull_shot_average_07.mov,2,0.0995860265254652,idle,,False
46,pull_shot_average_07.mov,3,0.11200963929376248,idle,,False
46,pull_shot_average_07.mov,4,0.08530221786084036,idle,,False
46,pull_shot_average_07.mov,5,0.07177045415826358,idle,,False
46,pull_shot_average_07.mov,6,0.10219008546803326,idle,,False
46,pull_shot_average_07.mov,7,0.1083174424443199,idle,,False
46,pull_shot_average_07.mov,8,0.1078044225053345,idle,,False
46,pull_shot_average_07.mov,9,0.10378826320384173,idle,,False
46,pull_shot_average_07.mov,10,0.11570476228108595,idle,,False
46,pull_shot_average_07.mov,11,0.15682796193851514,idle,,False
46,pull_shot_average_07.mov,12,0.17914071246007954,idle,,False
46,pull_shot_average_07.mov,13,0.2003315535224686,idle,,False
46,pull_shot_average_07.mov,14,0.31421649363628407,preparation,idle_to_preparation,False
46,pull_shot_average_07.mov,15,0.4144032768460149,backswing,preparation_to_backswing,False
46,pull_shot_average_07.mov,16,0.4083191892227087,swing,backswing_to_swing,False
46,pull_shot_average_07.mov,17,0.4318711385268007,swing,,False
46,pull_shot_average_07.mov,18,0.44685769887430377,swing,,False
46,pull_shot_average_07.mov,19,0.4467330043549909,swing,,False
46,pull_shot_average_07.mov,20,0.3716648917522956,swing,,False
46,pull_shot_average_07.mov,21,0.40681114400085433,swing,,False
46,pull_shot_average_07.mov,22,0.4108855722991576,swing,,False
46,pull_shot_average_07.mov,23,0.5627975780599537,swing,,False
46,pull_shot_average_07.mov,24,0.6305243500032053,swing,,False
46,pull_shot_average_07.mov,25,0.6851512406779595,swing,,False
46,pull_shot_average_07.mov,26,0.6572067014241131,swing,,False
46,pull_shot_average_07.mov,27,0.686326999797818,swing,,False
46,pull_shot_average_07.mov,28,0.5594432346866329,swing,,False
46,pull_shot_average_07.mov,29,0.4560831625261435,swing,,False
46,pull_shot_average_07.mov,30,0.5530175899075024,swing,,False
46,pull_shot_average_07.mov,31,0.5919310808948058,swing,,False
46,pull_shot_average_07.mov,32,0.638600607043676,swing,,False
46,pull_shot_average_07.mov,33,0.654833316225642,swing,,False
46,pull_shot_average_07.mov,34,0.6428746534694472,swing,,False
46,pull_shot_average_07.mov,35,0.54660752720614,swing,,False
46,pull_shot_average_07.mov,36,0.624424401566529,swing,,False
46,pull_shot_average_07.mov,37,0.5871175577734472,swing,,False
46,pull_shot_average_07.mov,38,0.5762253124369375,swing,,False
46,pull_shot_average_07.mov,39,0.593620435485556,swing,,False
46,pull_shot_average_07.mov,40,0.5935146974249176,swing,,False
46,pull_shot_average_07.mov,41,0.5412998244452466,swing,,False
46,pull_shot_average_07.mov,42,0.5224459056300161,swing,,False
46,pull_shot_average_07.mov,43,0.5319929598344751,swing,,False
46,pull_shot_average_07.mov,44,0.5244661154595196,swing,,False
46,pull_shot_average_07.mov,45,0.4565053123437058,swing,,False
46,pull_shot_average_07.mov,46,0.3575987048168069,swing,,False
46,pull_shot_average_07.mov,47,0.3297011476971571,swing,,False
46,pull_shot_average_07.mov,48,0.32493878876839327,swing,,False
46,pull_shot_average_07.mov,49,0.2969839338677801,swing,,False
46,pull_shot_average_07.mov,50,0.30228189350044077,swing,,False
46,pull_shot_average_07.mov,51,0.2792244191568754,swing,,False
46,pull_shot_average_07.mov,52,0.23956094103899017,swing,,False
46,pull_shot_average_07.mov,53,0.21654850258123132,swing,,False
46,pull_shot_average_07.mov,54,0.1879801055656129,swing,,False
46,pull_shot_average_07.mov,55,0.16736353331734327,follow_through,swing_to_follow_through,False
46,pull_shot_average_07.mov,56,0.16984366671573303,follow_through,,False
46,pull_shot_average_07.mov,57,0.164629929049174,follow_through,,False
46,pull_shot_average_07.mov,58,0.12267686343257005,follow_through,,False
46,pull_shot_average_07.mov,59,0.10292646152742682,follow_through,,False
46,pull_shot_average_07.mov,59,0.10292646152742682,completed,sequence_end_to_completed,True
47,pull_shot_average_08.mov,0,0.03885149258547305,idle,,False
47,pull_shot_average_08.mov,1,0.04466867679136475,idle,,False
47,pull_shot_average_08.mov,2,0.0509844957898034,idle,,False
47,pull_shot_average_08.mov,3,0.07188485032307032,idle,,False
47,pull_shot_average_08.mov,4,0.07327749447768679,idle,,False
47,pull_shot_average_08.mov,5,0.0782884334518113,idle,,False
47,pull_shot_average_08.mov,6,0.10474087440671463,idle,,False
47,pull_shot_average_08.mov,7,0.1160356767757979,idle,,False
47,pull_shot_average_08.mov,8,0.13488610363396997,idle,,False
47,pull_shot_average_08.mov,9,0.1288515216268319,idle,,False
47,pull_shot_average_08.mov,10,0.1397126060380287,idle,,False
47,pull_shot_average_08.mov,11,0.1282301157242074,idle,,False
47,pull_shot_average_08.mov,12,0.12170345645979831,idle,,False
47,pull_shot_average_08.mov,13,0.08762786044798242,idle,,False
47,pull_shot_average_08.mov,14,0.0741593200277591,idle,,False
47,pull_shot_average_08.mov,15,0.05260334575995946,idle,,False
47,pull_shot_average_08.mov,16,0.05215727744171297,idle,,False
47,pull_shot_average_08.mov,17,0.10758563342150886,idle,,False
47,pull_shot_average_08.mov,18,0.1344312025274983,idle,,False
47,pull_shot_average_08.mov,19,0.210409640473783,idle,,False
47,pull_shot_average_08.mov,20,0.2328966285862782,idle,,False
47,pull_shot_average_08.mov,21,0.24302017964460387,idle,,False
47,pull_shot_average_08.mov,22,0.24313198637170513,idle,,False
47,pull_shot_average_08.mov,23,0.2630561337014319,idle,,False
47,pull_shot_average_08.mov,24,0.22514774326431272,idle,,False
47,pull_shot_average_08.mov,25,0.2273854603961888,idle,,False
47,pull_shot_average_08.mov,26,0.24041963245287998,idle,,False
47,pull_shot_average_08.mov,27,0.33459961468995153,preparation,idle_to_preparation,False
47,pull_shot_average_08.mov,28,0.4405489681748825,backswing,preparation_to_backswing,False
47,pull_shot_average_08.mov,29,0.5684858510348373,swing,backswing_to_swing,False
47,pull_shot_average_08.mov,30,0.5862704918319355,swing,,False
47,pull_shot_average_08.mov,31,0.5685513489324375,swing,,False
47,pull_shot_average_08.mov,32,0.4514019046453893,swing,,False
47,pull_shot_average_08.mov,33,0.40566394768049413,swing,,False
47,pull_shot_average_08.mov,34,0.4346136182527345,swing,,False
47,pull_shot_average_08.mov,35,0.43254807773944265,swing,,False
47,pull_shot_average_08.mov,36,0.6059297475247852,swing,,False
47,pull_shot_average_08.mov,37,0.7622750847647519,swing,,False
47,pull_shot_average_08.mov,38,0.752693203411904,swing,,False
47,pull_shot_average_08.mov,39,0.752693203411904,swing,,False
47,pull_shot_average_08.mov,40,0.823026262333685,swing,,False
47,pull_shot_average_08.mov,41,0.6849755468068165,swing,,False
47,pull_shot_average_08.mov,42,0.6001212318385045,swing,,False
47,pull_shot_average_08.mov,43,0.5513862803284804,swing,,False
47,pull_shot_average_08.mov,44,0.40933086073965813,swing,,False
47,pull_shot_average_08.mov,45,0.3405492377687229,swing,,False
47,pull_shot_average_08.mov,46,0.35963002319388865,swing,,False
47,pull_shot_average_08.mov,47,0.2701455670144002,swing,,False
47,pull_shot_average_08.mov,48,0.2766716915379837,swing,,False
47,pull_shot_average_08.mov,49,0.27503612077167106,swing,,False
47,pull_shot_average_08.mov,50,0.3114050293677329,swing,,False
47,pull_shot_average_08.mov,51,0.2851258000857867,swing,,False
47,pull_shot_average_08.mov,52,0.2929913614414477,swing,,False
47,pull_shot_average_08.mov,53,0.2993011074831314,swing,,False
47,pull_shot_average_08.mov,54,0.274613531776148,swing,,False
47,pull_shot_average_08.mov,55,0.20429280403388844,swing,,False
47,pull_shot_average_08.mov,56,0.1715116089400501,follow_through,swing_to_follow_through,False
47,pull_shot_average_08.mov,57,0.1749793458468613,follow_through,,False
47,pull_shot_average_08.mov,58,0.14479853692376296,follow_through,,False
47,pull_shot_average_08.mov,59,0.1501716301005531,follow_through,,False
47,pull_shot_average_08.mov,59,0.1501716301005531,completed,sequence_end_to_completed,True
48,pull_shot_bad_01.mov,0,0.08476530281181172,idle,,False
48,pull_shot_bad_01.mov,1,0.13484872642916718,idle,,False
48,pull_shot_bad_01.mov,2,0.1751252473047986,idle,,False
48,pull_shot_bad_01.mov,3,0.2214387369517293,idle,,False
48,pull_shot_bad_01.mov,4,0.2293385635564068,idle,,False
48,pull_shot_bad_01.mov,5,0.2840422822064033,preparation,idle_to_preparation,False
48,pull_shot_bad_01.mov,6,0.292072612722715,backswing,preparation_to_backswing,False
48,pull_shot_bad_01.mov,7,0.3920499198342914,swing,backswing_to_swing,False
48,pull_shot_bad_01.mov,8,0.4148790167664977,swing,,False
48,pull_shot_bad_01.mov,9,0.40748179717040345,swing,,False
48,pull_shot_bad_01.mov,10,0.3765700098059553,swing,,False
48,pull_shot_bad_01.mov,11,0.35225121371236634,swing,,False
48,pull_shot_bad_01.mov,12,0.24185962734610375,swing,,False
48,pull_shot_bad_01.mov,13,0.18660162412822975,swing,,False
48,pull_shot_bad_01.mov,14,0.1355999876821807,follow_through,swing_to_follow_through,False
48,pull_shot_bad_01.mov,15,0.09504331277171733,follow_through,,False
48,pull_shot_bad_01.mov,16,0.09050946115227838,follow_through,,False
48,pull_shot_bad_01.mov,17,0.09322699535004628,follow_through,,False
48,pull_shot_bad_01.mov,18,0.16427608068449742,follow_through,,False
48,pull_shot_bad_01.mov,19,0.26055651352756676,follow_through,,False
48,pull_shot_bad_01.mov,20,0.3816092817843188,follow_through,,False
48,pull_shot_bad_01.mov,21,0.3939541066516404,follow_through,,False
48,pull_shot_bad_01.mov,22,0.4747059817654421,follow_through,,False
48,pull_shot_bad_01.mov,23,0.4652042971389023,follow_through,,False
48,pull_shot_bad_01.mov,24,0.4447694905745861,follow_through,,False
48,pull_shot_bad_01.mov,25,0.4117586071841601,follow_through,,False
48,pull_shot_bad_01.mov,26,0.49748076976783245,follow_through,,False
48,pull_shot_bad_01.mov,27,0.546368119143676,follow_through,,False
48,pull_shot_bad_01.mov,28,0.6118573940324108,follow_through,,False
48,pull_shot_bad_01.mov,29,0.674944880138066,follow_through,,False
48,pull_shot_bad_01.mov,30,0.77799751851591,follow_through,,False
48,pull_shot_bad_01.mov,31,0.7968775928810952,follow_through,,False
48,pull_shot_bad_01.mov,32,0.7601776807088729,follow_through,,False
48,pull_shot_bad_01.mov,33,0.7021887207556294,follow_through,,False
48,pull_shot_bad_01.mov,34,0.6785651489430007,follow_through,,False
48,pull_shot_bad_01.mov,35,0.5136828025295943,follow_through,,False
48,pull_shot_bad_01.mov,36,0.38435990254657443,follow_through,,False
48,pull_shot_bad_01.mov,37,0.3020100409449594,follow_through,,False
48,pull_shot_bad_01.mov,38,0.2638054152950391,follow_through,,False
48,pull_shot_bad_01.mov,39,0.19111951614364064,follow_through,,False
48,pull_shot_bad_01.mov,40,0.2757199624878329,follow_through,,False
48,pull_shot_bad_01.mov,41,0.3224203192963797,follow_through,,False
48,pull_shot_bad_01.mov,42,0.31697376904299845,follow_through,,False
48,pull_shot_bad_01.mov,43,0.2991523375296545,follow_through,,False
48,pull_shot_bad_01.mov,44,0.3121161359824241,follow_through,,False
48,pull_shot_bad_01.mov,45,0.22820933565932222,follow_through,,False
48,pull_shot_bad_01.mov,46,0.3083448467887211,follow_through,,False
48,pull_shot_bad_01.mov,47,0.36618033054508836,follow_through,,False
48,pull_shot_bad_01.mov,48,0.5392740887036869,follow_through,,False
48,pull_shot_bad_01.mov,49,0.5920229582601265,follow_through,,False
48,pull_shot_bad_01.mov,50,0.6641219996931071,follow_through,,False
48,pull_shot_bad_01.mov,51,0.720400863501363,follow_through,,False
48,pull_shot_bad_01.mov,52,0.8248427034638561,follow_through,,False
48,pull_shot_bad_01.mov,53,0.6797430685348055,follow_through,,False
48,pull_shot_bad_01.mov,54,0.6566732617652684,follow_through,,False
48,pull_shot_bad_01.mov,55,0.5871105951076877,follow_through,,False
48,pull_shot_bad_01.mov,56,0.49333737779970555,follow_through,,False
48,pull_shot_bad_01.mov,57,0.38656578496023036,follow_through,,False
48,pull_shot_bad_01.mov,58,0.42489382704980555,follow_through,,False
48,pull_shot_bad_01.mov,59,0.42300407287460595,follow_through,,False
48,pull_shot_bad_01.mov,59,0.42300407287460595,completed,sequence_end_to_completed,True
49,pull_shot_bad_02.mov,0,0.028151330353309398,idle,,False
49,pull_shot_bad_02.mov,1,0.04161943943370474,idle,,False
49,pull_shot_bad_02.mov,2,0.049067986217330516,idle,,False
49,pull_shot_bad_02.mov,3,0.055738282951069765,idle,,False
49,pull_shot_bad_02.mov,4,0.04060944170045204,idle,,False
49,pull_shot_bad_02.mov,5,0.03874267933597794,idle,,False
49,pull_shot_bad_02.mov,6,0.0323608174659882,idle,,False
49,pull_shot_bad_02.mov,7,0.034658746477074315,idle,,False
49,pull_shot_bad_02.mov,8,0.044645034311583856,idle,,False
49,pull_shot_bad_02.mov,9,0.04467588123793329,idle,,False
49,pull_shot_bad_02.mov,10,0.03998008307306446,idle,,False
49,pull_shot_bad_02.mov,11,0.03700612532604201,idle,,False
49,pull_shot_bad_02.mov,12,0.03975419455675795,idle,,False
49,pull_shot_bad_02.mov,13,0.03538020778346333,idle,,False
49,pull_shot_bad_02.mov,14,0.051797059267766316,idle,,False
49,pull_shot_bad_02.mov,15,0.07311392603595664,idle,,False
49,pull_shot_bad_02.mov,16,0.08406480457879,idle,,False
49,pull_shot_bad_02.mov,17,0.11314072786070739,idle,,False
49,pull_shot_bad_02.mov,18,0.15263147653715795,idle,,False
49,pull_shot_bad_02.mov,19,0.17902426870611096,idle,,False
49,pull_shot_bad_02.mov,20,0.2095433519969866,idle,,False
49,pull_shot_bad_02.mov,21,0.22950300505719498,idle,,False
49,pull_shot_bad_02.mov,22,0.2601207334611121,idle,,False
49,pull_shot_bad_02.mov,23,0.28698822731840723,preparation,idle_to_preparation,False
49,pull_shot_bad_02.mov,24,0.30843476109839035,backswing,preparation_to_backswing,False
49,pull_shot_bad_02.mov,25,0.3775702798560602,swing,backswing_to_swing,False
49,pull_shot_bad_02.mov,26,0.47360310358389685,swing,,False
49,pull_shot_bad_02.mov,27,0.6014149068726345,swing,,False
49,pull_shot_bad_02.mov,28,0.7216381216697866,swing,,False
49,pull_shot_bad_02.mov,29,0.7623259797854082,swing,,False
49,pull_shot_bad_02.mov,30,0.6925150477273283,swing,,False
49,pull_shot_bad_02.mov,31,0.6242783398311221,swing,,False
49,pull_shot_bad_02.mov,32,0.4956981475612608,swing,,False
49,pull_shot_bad_02.mov,33,0.36057887957284224,swing,,False
49,pull_shot_bad_02.mov,34,0.28417194080973956,swing,,False
49,pull_shot_bad_02.mov,35,0.2645842547714551,swing,,False
49,pull_shot_bad_02.mov,36,0.36832314400836313,swing,,False
49,pull_shot_bad_02.mov,37,0.4969033362782245,swing,,False
49,pull_shot_bad_02.mov,38,0.633158549140791,swing,,False
49,pull_shot_bad_02.mov,39,0.786671916299326,swing,,False
49,pull_shot_bad_02.mov,40,0.9103318190588061,swing,,False
49,pull_shot_bad_02.mov,41,0.8273780450964717,swing,,False
49,pull_shot_bad_02.mov,42,0.6954106293190951,swing,,False
49,pull_shot_bad_02.mov,43,0.5318045314204114,swing,,False
49,pull_shot_bad_02.mov,44,0.3874768081003571,swing,,False
49,pull_shot_bad_02.mov,45,0.30298156152144046,swing,,False
49,pull_shot_bad_02.mov,46,0.2513728892339346,swing,,False
49,pull_shot_bad_02.mov,47,0.21562445199729396,swing,,False
49,pull_shot_bad_02.mov,48,0.21644984942648024,swing,,False
49,pull_shot_bad_02.mov,49,0.19672311168656506,swing,,False
49,pull_shot_bad_02.mov,50,0.14333998433562836,follow_through,swing_to_follow_through,False
49,pull_shot_bad_02.mov,51,0.14386720782376652,follow_through,,False
49,pull_shot_bad_02.mov,52,0.12351798042322178,follow_through,,False
49,pull_shot_bad_02.mov,53,0.11149624172350224,follow_through,,False
49,pull_shot_bad_02.mov,54,0.1288089253859857,follow_through,,False
49,pull_shot_bad_02.mov,55,0.13406860901172285,follow_through,,False
49,pull_shot_bad_02.mov,56,0.1178771164283799,follow_through,,False
49,pull_shot_bad_02.mov,57,0.1265148079946028,follow_through,,False
49,pull_shot_bad_02.mov,58,0.12188985831548048,follow_through,,False
49,pull_shot_bad_02.mov,59,0.10400409806000799,follow_through,,False
49,pull_shot_bad_02.mov,59,0.10400409806000799,completed,sequence_end_to_completed,True
50,pull_shot_bad_03.mov,0,0.04499147800476229,idle,,False
50,pull_shot_bad_03.mov,1,0.0558103725927376,idle,,False
50,pull_shot_bad_03.mov,2,0.06532902904115027,idle,,False
50,pull_shot_bad_03.mov,3,0.08393377818791505,idle,,False
50,pull_shot_bad_03.mov,4,0.06534091690637317,idle,,False
50,pull_shot_bad_03.mov,5,0.05768000029886659,idle,,False
50,pull_shot_bad_03.mov,6,0.06134533995715724,idle,,False
50,pull_shot_bad_03.mov,7,0.06259356922070196,idle,,False
50,pull_shot_bad_03.mov,8,0.05472121543412509,idle,,False
50,pull_shot_bad_03.mov,9,0.05818726469916182,idle,,False
50,pull_shot_bad_03.mov,10,0.057377142169027555,idle,,False
50,pull_shot_bad_03.mov,11,0.048928934185337954,idle,,False
50,pull_shot_bad_03.mov,12,0.04138839004304334,idle,,False
50,pull_shot_bad_03.mov,13,0.0443577925432418,idle,,False
50,pull_shot_bad_03.mov,14,0.043795364762279694,idle,,False
50,pull_shot_bad_03.mov,15,0.05040191455120482,idle,,False
50,pull_shot_bad_03.mov,16,0.05822462453808563,idle,,False
50,pull_shot_bad_03.mov,17,0.06905688167307991,idle,,False
50,pull_shot_bad_03.mov,18,0.07856760738339301,idle,,False
50,pull_shot_bad_03.mov,19,0.08844707288368207,idle,,False
50,pull_shot_bad_03.mov,20,0.1627610821962201,idle,,False
50,pull_shot_bad_03.mov,21,0.2324747424135417,idle,,False
50,pull_shot_bad_03.mov,22,0.26711649779280905,idle,,False
50,pull_shot_bad_03.mov,23,0.33450392897257236,preparation,idle_to_preparation,False
50,pull_shot_bad_03.mov,24,0.4374715341305771,backswing,preparation_to_backswing,False
50,pull_shot_bad_03.mov,25,0.3896836723996794,swing,backswing_to_swing,False
50,pull_shot_bad_03.mov,26,0.3704155601726926,swing,,False
50,pull_shot_bad_03.mov,27,0.3915646815261772,swing,,False
50,pull_shot_bad_03.mov,28,0.5009647267757145,swing,,False
50,pull_shot_bad_03.mov,29,0.5732035157408039,swing,,False
50,pull_shot_bad_03.mov,30,0.7340421964451282,swing,,False
50,pull_shot_bad_03.mov,31,0.7774044519217944,swing,,False
50,pull_shot_bad_03.mov,32,0.9075549764843853,swing,,False
50,pull_shot_bad_03.mov,33,0.9001444360976267,swing,,False
50,pull_shot_bad_03.mov,34,0.8772648122989527,swing,,False
50,pull_shot_bad_03.mov,35,0.7689420044131047,swing,,False
50,pull_shot_bad_03.mov,36,0.699285066038635,swing,,False
50,pull_shot_bad_03.mov,37,0.6051744496050193,swing,,False
50,pull_shot_bad_03.mov,38,0.521142677449324,swing,,False
50,pull_shot_bad_03.mov,39,0.47905112413601736,swing,,False
50,pull_shot_bad_03.mov,40,0.5105473926061495,swing,,False
50,pull_shot_bad_03.mov,41,0.5489011634209057,swing,,False
50,pull_shot_bad_03.mov,42,0.5171234695177794,swing,,False
50,pull_shot_bad_03.mov,43,0.4878481720100132,swing,,False
50,pull_shot_bad_03.mov,44,0.5285452722774983,swing,,False
50,pull_shot_bad_03.mov,45,0.4904251380609636,swing,,False
50,pull_shot_bad_03.mov,46,0.43898873272885036,swing,,False
50,pull_shot_bad_03.mov,47,0.4240033945088346,swing,,False
50,pull_shot_bad_03.mov,48,0.4117440839915549,swing,,False
50,pull_shot_bad_03.mov,49,0.32884033376064925,swing,,False
50,pull_shot_bad_03.mov,50,0.2794970786779376,swing,,False
50,pull_shot_bad_03.mov,51,0.3101966869081275,swing,,False
50,pull_shot_bad_03.mov,52,0.2763704806145688,swing,,False
50,pull_shot_bad_03.mov,53,0.2428494365673075,swing,,False
50,pull_shot_bad_03.mov,54,0.1766968465126416,follow_through,swing_to_follow_through,False
50,pull_shot_bad_03.mov,55,0.17129731302318232,follow_through,,False
50,pull_shot_bad_03.mov,56,0.1402483883591095,follow_through,,False
50,pull_shot_bad_03.mov,57,0.16742020621723563,follow_through,,False
50,pull_shot_bad_03.mov,58,0.18639013383980688,follow_through,,False
50,pull_shot_bad_03.mov,59,0.21230407720975664,follow_through,,False
50,pull_shot_bad_03.mov,59,0.21230407720975664,completed,sequence_end_to_completed,True
51,pull_shot_bad_04.mov,0,0.04219867320463875,idle,,False
51,pull_shot_bad_04.mov,1,0.062497298757873625,idle,,False
51,pull_shot_bad_04.mov,2,0.0658316708872205,idle,,False
51,pull_shot_bad_04.mov,3,0.07923423730759599,idle,,False
51,pull_shot_bad_04.mov,4,0.07486438541438771,idle,,False
51,pull_shot_bad_04.mov,5,0.09109240074767454,idle,,False
51,pull_shot_bad_04.mov,6,0.08574254915382415,idle,,False
51,pull_shot_bad_04.mov,7,0.12824404760665256,idle,,False
51,pull_shot_bad_04.mov,8,0.1630009772166783,idle,,False
51,pull_shot_bad_04.mov,9,0.1677235595259661,idle,,False
51,pull_shot_bad_04.mov,10,0.1324851259612746,idle,,False
51,pull_shot_bad_04.mov,11,0.138591746921538,idle,,False
51,pull_shot_bad_04.mov,12,0.1107332598821974,idle,,False
51,pull_shot_bad_04.mov,13,0.08427033013596094,idle,,False
51,pull_shot_bad_04.mov,14,0.10430723151456658,idle,,False
51,pull_shot_bad_04.mov,15,0.11071517767184152,idle,,False
51,pull_shot_bad_04.mov,16,0.11261192585153458,idle,,False
51,pull_shot_bad_04.mov,17,0.10253223536180282,idle,,False
51,pull_shot_bad_04.mov,18,0.13521092713133068,idle,,False
51,pull_shot_bad_04.mov,19,0.17475715285182225,idle,,False
51,pull_shot_bad_04.mov,20,0.1804614499873895,idle,,False
51,pull_shot_bad_04.mov,21,0.20608987465242887,idle,,False
51,pull_shot_bad_04.mov,22,0.2900119015537544,preparation,idle_to_preparation,False
51,pull_shot_bad_04.mov,23,0.3182507367642481,backswing,preparation_to_backswing,False
51,pull_shot_bad_04.mov,24,0.3227187249416743,swing,backswing_to_swing,False
51,pull_shot_bad_04.mov,25,0.3777187042725192,swing,,False
51,pull_shot_bad_04.mov,26,0.40264606179269,swing,,False
51,pull_shot_bad_04.mov,27,0.45304276835779617,swing,,False
51,pull_shot_bad_04.mov,28,0.41347471600505115,swing,,False
51,pull_shot_bad_04.mov,29,0.43661988991699746,swing,,False
51,pull_shot_bad_04.mov,30,0.47521672753879757,swing,,False
51,pull_shot_bad_04.mov,31,0.6017088022542465,swing,,False
51,pull_shot_bad_04.mov,32,0.5443836706522207,swing,,False
51,pull_shot_bad_04.mov,33,0.7011081197150248,swing,,False
51,pull_shot_bad_04.mov,34,0.7815660313019407,swing,,False
51,pull_shot_bad_04.mov,35,0.698888437969266,swing,,False
51,pull_shot_bad_04.mov,36,0.5990575192397479,swing,,False
51,pull_shot_bad_04.mov,37,0.58989736494062,swing,,False
51,pull_shot_bad_04.mov,38,0.47419819329822277,swing,,False
51,pull_shot_bad_04.mov,39,0.33832875342940827,swing,,False
51,pull_shot_bad_04.mov,40,0.4842861959086283,swing,,False
51,pull_shot_bad_04.mov,41,0.5841171146381465,swing,,False
51,pull_shot_bad_04.mov,42,0.5642866177511432,swing,,False
51,pull_shot_bad_04.mov,43,0.5240406077994649,swing,,False
51,pull_shot_bad_04.mov,44,0.524997889667164,swing,,False
51,pull_shot_bad_04.mov,45,0.44733517397849054,swing,,False
51,pull_shot_bad_04.mov,46,0.308602798392023,swing,,False
51,pull_shot_bad_04.mov,47,0.29437143221924156,swing,,False
51,pull_shot_bad_04.mov,48,0.3924810444231189,swing,,False
51,pull_shot_bad_04.mov,49,0.5454708813601215,swing,,False
51,pull_shot_bad_04.mov,50,0.4936017063567281,swing,,False
51,pull_shot_bad_04.mov,51,0.5595099436119966,swing,,False
51,pull_shot_bad_04.mov,52,0.5716142452909442,swing,,False
51,pull_shot_bad_04.mov,53,0.5420693807192941,swing,,False
51,pull_shot_bad_04.mov,54,0.42669374563474377,swing,,False
51,pull_shot_bad_04.mov,55,0.44770615869553043,swing,,False
51,pull_shot_bad_04.mov,56,0.396407824817992,swing,,False
51,pull_shot_bad_04.mov,57,0.40352330895101324,swing,,False
51,pull_shot_bad_04.mov,58,0.35202231630918085,swing,,False
51,pull_shot_bad_04.mov,59,0.3282870147642961,swing,,False
51,pull_shot_bad_04.mov,59,0.3282870147642961,completed,sequence_end_to_completed,True
52,pull_shot_good_01.mov,0,0.03151254768432651,idle,,False
52,pull_shot_good_01.mov,1,0.062042830494123,idle,,False
52,pull_shot_good_01.mov,2,0.07041071278734058,idle,,False
52,pull_shot_good_01.mov,3,0.09540257524902603,idle,,False
52,pull_shot_good_01.mov,4,0.09281612978426806,idle,,False
52,pull_shot_good_01.mov,5,0.11847681941245373,idle,,False
52,pull_shot_good_01.mov,6,0.14215817637185743,idle,,False
52,pull_shot_good_01.mov,7,0.15120189085145386,idle,,False
52,pull_shot_good_01.mov,8,0.1660254446387228,idle,,False
52,pull_shot_good_01.mov,9,0.16563751404090657,idle,,False
52,pull_shot_good_01.mov,10,0.14649501357475614,idle,,False
52,pull_shot_good_01.mov,11,0.10042639177305748,idle,,False
52,pull_shot_good_01.mov,12,0.10288340823929795,idle,,False
52,pull_shot_good_01.mov,13,0.07924372202990439,idle,,False
52,pull_shot_good_01.mov,14,0.084607088723506,idle,,False
52,pull_shot_good_01.mov,15,0.12098454197407871,idle,,False
52,pull_shot_good_01.mov,16,0.1380322467150466,idle,,False
52,pull_shot_good_01.mov,17,0.139448755443745,idle,,False
52,pull_shot_good_01.mov,18,0.14767672157910175,idle,,False
52,pull_shot_good_01.mov,19,0.13216952150462175,idle,,False
52,pull_shot_good_01.mov,20,0.09374447465042374,idle,,False
52,pull_shot_good_01.mov,21,0.10391519962435604,idle,,False
52,pull_shot_good_01.mov,22,0.1247562756187995,idle,,False
52,pull_shot_good_01.mov,23,0.1612979076474065,idle,,False
52,pull_shot_good_01.mov,24,0.2385476681640834,idle,,False
52,pull_shot_good_01.mov,25,0.25611424215544065,idle,,False
52,pull_shot_good_01.mov,26,0.3263564761266877,preparation,idle_to_preparation,False
52,pull_shot_good_01.mov,27,0.419362809966793,backswing,preparation_to_backswing,False
52,pull_shot_good_01.mov,28,0.5237457617766655,swing,backswing_to_swing,False
52,pull_shot_good_01.mov,29,0.6366958027223603,swing,,False
52,pull_shot_good_01.mov,30,0.6721471332886624,swing,,False
52,pull_shot_good_01.mov,31,0.6232241406466859,swing,,False
52,pull_shot_good_01.mov,32,0.6878407716033498,swing,,False
52,pull_shot_good_01.mov,33,0.5741257727580826,swing,,False
52,pull_shot_good_01.mov,34,0.5741257727580826,swing,,False
52,pull_shot_good_01.mov,35,0.6108156997209596,swing,,False
52,pull_shot_good_01.mov,36,0.5786107657585579,swing,,False
52,pull_shot_good_01.mov,37,0.39627729705619624,swing,,False
52,pull_shot_good_01.mov,38,0.39516707614950486,swing,,False
52,pull_shot_good_01.mov,39,0.22071870522153644,swing,,False
52,pull_shot_good_01.mov,40,0.1325051281839893,follow_through,swing_to_follow_through,False
52,pull_shot_good_01.mov,41,0.15148633217437446,follow_through,,False
52,pull_shot_good_01.mov,42,0.3340706381177706,follow_through,,False
52,pull_shot_good_01.mov,43,0.32287231318004334,follow_through,,False
52,pull_shot_good_01.mov,44,0.3348048908504734,follow_through,,False
52,pull_shot_good_01.mov,45,0.3600216849801512,follow_through,,False
52,pull_shot_good_01.mov,46,0.33655792371695437,follow_through,,False
52,pull_shot_good_01.mov,47,0.17075946656678848,follow_through,,False
52,pull_shot_good_01.mov,48,0.21081112382739475,follow_through,,False
52,pull_shot_good_01.mov,49,0.2559563188567991,follow_through,,False
52,pull_shot_good_01.mov,50,0.25791180814695647,follow_through,,False
52,pull_shot_good_01.mov,51,0.27727566455660424,follow_through,,False
52,pull_shot_good_01.mov,52,0.26845218372586593,follow_through,,False
52,pull_shot_good_01.mov,53,0.2222598962031238,follow_through,,False
52,pull_shot_good_01.mov,54,0.1537045850030589,follow_through,,False
52,pull_shot_good_01.mov,55,0.11993571547781719,follow_through,,False
52,pull_shot_good_01.mov,56,0.12042520275081192,follow_through,,False
52,pull_shot_good_01.mov,57,0.11814015231677125,follow_through,,False
52,pull_shot_good_01.mov,58,0.10806905884025085,follow_through,,False
52,pull_shot_good_01.mov,59,0.11708797985350483,follow_through,,False
52,pull_shot_good_01.mov,59,0.11708797985350483,completed,sequence_end_to_completed,True
53,pull_shot_good_02.mov,0,0.08312865196118435,idle,,False
53,pull_shot_good_02.mov,1,0.09250172366969375,idle,,False
53,pull_shot_good_02.mov,2,0.10863657545151591,idle,,False
53,pull_shot_good_02.mov,3,0.12011614760381804,idle,,False
53,pull_shot_good_02.mov,4,0.06425235791209111,idle,,False
53,pull_shot_good_02.mov,5,0.08339672362705171,idle,,False
53,pull_shot_good_02.mov,6,0.08255036457517391,idle,,False
53,pull_shot_good_02.mov,7,0.07956666986504592,idle,,False
53,pull_shot_good_02.mov,8,0.07878143313075103,idle,,False
53,pull_shot_good_02.mov,9,0.11152986360052973,idle,,False
53,pull_shot_good_02.mov,10,0.10052262562550407,idle,,False
53,pull_shot_good_02.mov,11,0.11957671711340619,idle,,False
53,pull_shot_good_02.mov,12,0.179728900939906,idle,,False
53,pull_shot_good_02.mov,13,0.2209127776992948,idle,,False
53,pull_shot_good_02.mov,14,0.21633367984878848,idle,,False
53,pull_shot_good_02.mov,15,0.24378047889833712,idle,,False
53,pull_shot_good_02.mov,16,0.3026266642650842,preparation,idle_to_preparation,False
53,pull_shot_good_02.mov,17,0.2630644096246987,backswing,preparation_to_backswing,False
53,pull_shot_good_02.mov,18,0.24520893135136654,backswing,,False
53,pull_shot_good_02.mov,19,0.21876460606024253,backswing,,False
53,pull_shot_good_02.mov,20,0.18840219898008648,backswing,,False
53,pull_shot_good_02.mov,21,0.1284852354483279,swing,backswing_to_swing_by_duration,False
53,pull_shot_good_02.mov,22,0.12439340997020891,follow_through,swing_to_follow_through,False
53,pull_shot_good_02.mov,23,0.1938867736721116,follow_through,,False
53,pull_shot_good_02.mov,24,0.22927580943055606,follow_through,,False
53,pull_shot_good_02.mov,25,0.3365101905326736,follow_through,,False
53,pull_shot_good_02.mov,26,0.3766188743810153,follow_through,,False
53,pull_shot_good_02.mov,27,0.4657033250189769,follow_through,,False
53,pull_shot_good_02.mov,28,0.4967745594374622,follow_through,,False
53,pull_shot_good_02.mov,29,0.641260361574261,follow_through,,False
53,pull_shot_good_02.mov,30,0.5836064736902951,follow_through,,False
53,pull_shot_good_02.mov,31,0.7169877638624311,follow_through,,False
53,pull_shot_good_02.mov,32,0.7982540524447801,follow_through,,False
53,pull_shot_good_02.mov,33,0.7961097699204247,follow_through,,False
53,pull_shot_good_02.mov,34,0.6785999478024316,follow_through,,False
53,pull_shot_good_02.mov,35,0.7864285079052737,follow_through,,False
53,pull_shot_good_02.mov,36,0.7335078415328746,follow_through,,False
53,pull_shot_good_02.mov,37,0.5586720502004695,follow_through,,False
53,pull_shot_good_02.mov,38,0.4748529701763436,follow_through,,False
53,pull_shot_good_02.mov,39,0.4903993382112813,follow_through,,False
53,pull_shot_good_02.mov,40,0.38345873650364004,follow_through,,False
53,pull_shot_good_02.mov,41,0.26694717299235804,follow_through,,False
53,pull_shot_good_02.mov,42,0.2693417807145234,follow_through,,False
53,pull_shot_good_02.mov,43,0.29460094957805233,follow_through,,False
53,pull_shot_good_02.mov,44,0.2453926400072237,follow_through,,False
53,pull_shot_good_02.mov,45,0.2636986467280973,follow_through,,False
53,pull_shot_good_02.mov,46,0.2826814774694856,follow_through,,False
53,pull_shot_good_02.mov,47,0.32780551919374007,follow_through,,False
53,pull_shot_good_02.mov,48,0.28491329429902856,follow_through,,False
53,pull_shot_good_02.mov,49,0.3926233280725361,follow_through,,False
53,pull_shot_good_02.mov,50,0.40844432383247053,follow_through,,False
53,pull_shot_good_02.mov,51,0.3919312757479143,follow_through,,False
53,pull_shot_good_02.mov,52,0.35626543182219483,follow_through,,False
53,pull_shot_good_02.mov,53,0.3661381548598479,follow_through,,False
53,pull_shot_good_02.mov,54,0.4063748659621667,follow_through,,False
53,pull_shot_good_02.mov,55,0.46656991430714456,follow_through,,False
53,pull_shot_good_02.mov,56,0.46711099111263704,follow_through,,False
53,pull_shot_good_02.mov,57,0.4746824206168306,follow_through,,False
53,pull_shot_good_02.mov,58,0.47840722782687833,follow_through,,False
53,pull_shot_good_02.mov,59,0.3262206902974248,follow_through,,False
53,pull_shot_good_02.mov,59,0.3262206902974248,completed,sequence_end_to_completed,True
54,pull_shot_good_03.mov,0,0.03196668069013719,idle,,False
54,pull_shot_good_03.mov,1,0.05027880201059791,idle,,False
54,pull_shot_good_03.mov,2,0.06427659512950341,idle,,False
54,pull_shot_good_03.mov,3,0.08419146461007734,idle,,False
54,pull_shot_good_03.mov,4,0.09117383408724405,idle,,False
54,pull_shot_good_03.mov,5,0.07515289809208614,idle,,False
54,pull_shot_good_03.mov,6,0.07666369234745783,idle,,False
54,pull_shot_good_03.mov,7,0.0823571018161901,idle,,False
54,pull_shot_good_03.mov,8,0.07074913070318069,idle,,False
54,pull_shot_good_03.mov,9,0.08309712969699007,idle,,False
54,pull_shot_good_03.mov,10,0.09686840334850483,idle,,False
54,pull_shot_good_03.mov,11,0.10238362956736081,idle,,False
54,pull_shot_good_03.mov,12,0.11137735884907109,idle,,False
54,pull_shot_good_03.mov,13,0.183097232172449,idle,,False
54,pull_shot_good_03.mov,14,0.22448234436789852,idle,,False
54,pull_shot_good_03.mov,15,0.24109251928014086,idle,,False
54,pull_shot_good_03.mov,16,0.2561728173757145,idle,,False
54,pull_shot_good_03.mov,17,0.2850164224460165,preparation,idle_to_preparation,False
54,pull_shot_good_03.mov,18,0.23885164065716535,backswing,preparation_to_backswing,False
54,pull_shot_good_03.mov,19,0.19046859554575649,backswing,,False
54,pull_shot_good_03.mov,20,0.18140773500860155,backswing,,False
54,pull_shot_good_03.mov,21,0.19128052233076787,backswing,,False
54,pull_shot_good_03.mov,22,0.2639712273687253,swing,backswing_to_swing_by_duration,False
54,pull_shot_good_03.mov,23,0.37483541781214774,swing,,False
54,pull_shot_good_03.mov,24,0.5242667571627591,swing,,False
54,pull_shot_good_03.mov,25,0.6582211749497144,swing,,False
54,pull_shot_good_03.mov,26,0.7934671241483043,swing,,False
54,pull_shot_good_03.mov,27,0.7664134482468454,swing,,False
54,pull_shot_good_03.mov,28,0.8216775247641062,swing,,False
54,pull_shot_good_03.mov,29,0.8505035040253788,swing,,False
54,pull_shot_good_03.mov,30,0.8886929993499411,swing,,False
54,pull_shot_good_03.mov,31,0.9031558229389229,swing,,False
54,pull_shot_good_03.mov,32,0.9233331237475546,swing,,False
54,pull_shot_good_03.mov,33,0.799670254914341,swing,,False
54,pull_shot_good_03.mov,34,0.7991113776092709,swing,,False
54,pull_shot_good_03.mov,35,0.7134343133511541,swing,,False
54,pull_shot_good_03.mov,36,0.6206207752624038,swing,,False
54,pull_shot_good_03.mov,37,0.5597435578921646,swing,,False
54,pull_shot_good_03.mov,38,0.5102133245727731,swing,,False
54,pull_shot_good_03.mov,39,0.38986432417778666,swing,,False
54,pull_shot_good_03.mov,40,0.36049925678644856,swing,,False
54,pull_shot_good_03.mov,41,0.39995300629318886,swing,,False
54,pull_shot_good_03.mov,42,0.5211724858059642,swing,,False
54,pull_shot_good_03.mov,43,0.5954190206980774,swing,,False
54,pull_shot_good_03.mov,44,0.6033964949381476,swing,,False
54,pull_shot_good_03.mov,45,0.6043532850855149,swing,,False
54,pull_shot_good_03.mov,46,0.5519038443029447,swing,,False
54,pull_shot_good_03.mov,47,0.48656812481765777,swing,,False
54,pull_shot_good_03.mov,48,0.4365583888534086,swing,,False
54,pull_shot_good_03.mov,49,0.4556269071397605,swing,,False
54,pull_shot_good_03.mov,50,0.4862358404033575,swing,,False
54,pull_shot_good_03.mov,51,0.42265563403064604,swing,,False
54,pull_shot_good_03.mov,52,0.3653677854891174,swing,,False
54,pull_shot_good_03.mov,53,0.3627387687793094,swing,,False
54,pull_shot_good_03.mov,54,0.2794703574931253,swing,,False
54,pull_shot_good_03.mov,55,0.18482745349470486,swing,,False
54,pull_shot_good_03.mov,56,0.16569673451787084,follow_through,swing_to_follow_through,False
54,pull_shot_good_03.mov,57,0.14110083741403306,follow_through,,False
54,pull_shot_good_03.mov,58,0.12916156438247106,follow_through,,False
54,pull_shot_good_03.mov,59,0.1427575247389523,follow_through,,False
54,pull_shot_good_03.mov,59,0.1427575247389523,completed,sequence_end_to_completed,True
55,pull_shot_good_04.mov,0,0.04131923770986808,idle,,False
55,pull_shot_good_04.mov,1,0.05283538158630733,idle,,False
55,pull_shot_good_04.mov,2,0.06097296504973905,idle,,False
55,pull_shot_good_04.mov,3,0.07329480109151505,idle,,False
55,pull_shot_good_04.mov,4,0.052003052707349506,idle,,False
55,pull_shot_good_04.mov,5,0.0593410102405207,idle,,False
55,pull_shot_good_04.mov,6,0.0870160617115769,idle,,False
55,pull_shot_good_04.mov,7,0.12326390220426317,idle,,False
55,pull_shot_good_04.mov,8,0.1563482011892249,idle,,False
55,pull_shot_good_04.mov,9,0.16735282529941956,idle,,False
55,pull_shot_good_04.mov,10,0.2493920738606272,idle,,False
55,pull_shot_good_04.mov,11,0.2745302719934403,idle,,False
55,pull_shot_good_04.mov,12,0.3498082842275174,preparation,idle_to_preparation,False
55,pull_shot_good_04.mov,13,0.3275059876011077,backswing,preparation_to_backswing,False
55,pull_shot_good_04.mov,14,0.35104796343562045,swing,backswing_to_swing,False
55,pull_shot_good_04.mov,15,0.2816906489002465,swing,,False
55,pull_shot_good_04.mov,16,0.31997946249592557,swing,,False
55,pull_shot_good_04.mov,17,0.2703859768811915,swing,,False
55,pull_shot_good_04.mov,18,0.30479194884144745,swing,,False
55,pull_shot_good_04.mov,19,0.32583598702278893,swing,,False
55,pull_shot_good_04.mov,20,0.37441864294388777,swing,,False
55,pull_shot_good_04.mov,21,0.4133157897073311,swing,,False
55,pull_shot_good_04.mov,22,0.46453725072468044,swing,,False
55,pull_shot_good_04.mov,23,0.6068780304675532,swing,,False
55,pull_shot_good_04.mov,24,0.6192285345559965,swing,,False
55,pull_shot_good_04.mov,25,0.7412770607098296,swing,,False
55,pull_shot_good_04.mov,26,0.6891490848266354,swing,,False
55,pull_shot_good_04.mov,27,0.7635507836967472,swing,,False
55,pull_shot_good_04.mov,28,0.6710229698189435,swing,,False
55,pull_shot_good_04.mov,29,0.792403264644812,swing,,False
55,pull_shot_good_04.mov,30,0.6242927788353444,swing,,False
55,pull_shot_good_04.mov,31,0.7349054008791074,swing,,False
55,pull_shot_good_04.mov,32,0.6060502972578021,swing,,False
55,pull_shot_good_04.mov,33,0.5646489634191092,swing,,False
55,pull_shot_good_04.mov,34,0.4734205659941244,swing,,False
55,pull_shot_good_04.mov,35,0.4862449259513108,swing,,False
55,pull_shot_good_04.mov,36,0.4439600988633072,swing,,False
55,pull_shot_good_04.mov,37,0.4862345448542001,swing,,False
55,pull_shot_good_04.mov,38,0.5351358874383683,swing,,False
55,pull_shot_good_04.mov,39,0.5542281092611246,swing,,False
55,pull_shot_good_04.mov,40,0.6785823011666383,swing,,False
55,pull_shot_good_04.mov,41,0.5738151166042481,swing,,False
55,pull_shot_good_04.mov,42,0.5524891227321577,swing,,False
55,pull_shot_good_04.mov,43,0.4795201599946489,swing,,False
55,pull_shot_good_04.mov,44,0.38911043244892723,swing,,False
55,pull_shot_good_04.mov,45,0.2664819229210482,swing,,False
55,pull_shot_good_04.mov,46,0.2563372817904862,swing,,False
55,pull_shot_good_04.mov,47,0.2784187104880958,swing,,False
55,pull_shot_good_04.mov,48,0.2651217424063688,swing,,False
55,pull_shot_good_04.mov,49,0.2653124835936062,swing,,False
55,pull_shot_good_04.mov,50,0.32425579288695977,swing,,False
55,pull_shot_good_04.mov,51,0.31626492354592234,swing,,False
55,pull_shot_good_04.mov,52,0.23788069679040286,swing,,False
55,pull_shot_good_04.mov,53,0.2262371663655426,swing,,False
55,pull_shot_good_04.mov,54,0.20645665217906403,swing,,False
55,pull_shot_good_04.mov,55,0.12702435000811366,follow_through,swing_to_follow_through,False
55,pull_shot_good_04.mov,56,0.12297219934720878,follow_through,,False
55,pull_shot_good_04.mov,57,0.17197031164765567,follow_through,,False
55,pull_shot_good_04.mov,58,0.2355387611235797,follow_through,,False
55,pull_shot_good_04.mov,59,0.2981562104737271,follow_through,,False
55,pull_shot_good_04.mov,59,0.2981562104737271,completed,sequence_end_to_completed,True
56,pull_shot_good_05.mov,0,0.03940796394111404,idle,,False
56,pull_shot_good_05.mov,1,0.0725518897824824,idle,,False
56,pull_shot_good_05.mov,2,0.18519957901185835,idle,,False
56,pull_shot_good_05.mov,3,0.20562264978841474,idle,,False
56,pull_shot_good_05.mov,4,0.21083804682010301,idle,,False
56,pull_shot_good_05.mov,5,0.2009255527731203,idle,,False
56,pull_shot_good_05.mov,6,0.18980856874165275,idle,,False
56,pull_shot_good_05.mov,7,0.08923705239250708,idle,,False
56,pull_shot_good_05.mov,8,0.08705570603740756,idle,,False
56,pull_shot_good_05.mov,9,0.11197522698139507,idle,,False
56,pull_shot_good_05.mov,10,0.14010533677082396,idle,,False
56,pull_shot_good_05.mov,11,0.1710285279651837,idle,,False
56,pull_shot_good_05.mov,12,0.18017364825119353,idle,,False
56,pull_shot_good_05.mov,13,0.25200979598112494,idle,,False
56,pull_shot_good_05.mov,14,0.2860358014721681,preparation,idle_to_preparation,False
56,pull_shot_good_05.mov,15,0.26006263883443625,backswing,preparation_to_backswing,False
56,pull_shot_good_05.mov,16,0.25735347022355637,backswing,,False
56,pull_shot_good_05.mov,17,0.42115669536553524,swing,backswing_to_swing,False
56,pull_shot_good_05.mov,18,0.5184513568473309,swing,,False
56,pull_shot_good_05.mov,19,0.5962513773951211,swing,,False
56,pull_shot_good_05.mov,20,0.7732421913552889,swing,,False
56,pull_shot_good_05.mov,21,0.9230012269619083,swing,,False
56,pull_shot_good_05.mov,22,0.9379767086536892,swing,,False
56,pull_shot_good_05.mov,23,0.8642552130135904,swing,,False
56,pull_shot_good_05.mov,24,0.8615752736128242,swing,,False
56,pull_shot_good_05.mov,25,0.7633326150036019,swing,,False
56,pull_shot_good_05.mov,26,0.7157425791945425,swing,,False
56,pull_shot_good_05.mov,27,0.6222288827887469,swing,,False
56,pull_shot_good_05.mov,28,0.6435149295070033,swing,,False
56,pull_shot_good_05.mov,29,0.5468749145196606,swing,,False
56,pull_shot_good_05.mov,30,0.5026980394391996,swing,,False
56,pull_shot_good_05.mov,31,0.43018345626863325,swing,,False
56,pull_shot_good_05.mov,32,0.35605658383285715,swing,,False
56,pull_shot_good_05.mov,33,0.2677892307508817,swing,,False
56,pull_shot_good_05.mov,34,0.24566724662686243,swing,,False
56,pull_shot_good_05.mov,35,0.2331579582364962,swing,,False
56,pull_shot_good_05.mov,36,0.17999203770018796,follow_through,swing_to_follow_through,False
56,pull_shot_good_05.mov,37,0.17033409796549612,follow_through,,False
56,pull_shot_good_05.mov,38,0.16942840811447815,follow_through,,False
56,pull_shot_good_05.mov,39,0.18789643287015184,follow_through,,False
56,pull_shot_good_05.mov,40,0.16324072324857217,follow_through,,False
56,pull_shot_good_05.mov,41,0.21908461929142936,follow_through,,False
56,pull_shot_good_05.mov,42,0.26255427433252193,follow_through,,False
56,pull_shot_good_05.mov,43,0.31817237046945085,follow_through,,False
56,pull_shot_good_05.mov,44,0.46906054717750834,follow_through,,False
56,pull_shot_good_05.mov,45,0.5227646596727589,follow_through,,False
56,pull_shot_good_05.mov,46,0.5156544870173007,follow_through,,False
56,pull_shot_good_05.mov,47,0.5458666299120962,follow_through,,False
56,pull_shot_good_05.mov,48,0.5066008041170924,follow_through,,False
56,pull_shot_good_05.mov,49,0.3359110020669417,follow_through,,False
56,pull_shot_good_05.mov,50,0.3459364492200179,follow_through,,False
56,pull_shot_good_05.mov,51,0.3628478500224925,follow_through,,False
56,pull_shot_good_05.mov,52,0.28994054769989946,follow_through,,False
56,pull_shot_good_05.mov,53,0.2460981847088494,follow_through,,False
56,pull_shot_good_05.mov,54,0.22303611574888063,follow_through,,False
56,pull_shot_good_05.mov,55,0.17035915824747191,follow_through,,False
56,pull_shot_good_05.mov,56,0.11247855394671584,follow_through,,False
56,pull_shot_good_05.mov,57,0.137954000096302,follow_through,,False
56,pull_shot_good_05.mov,58,0.16863148415369691,follow_through,,False
56,pull_shot_good_05.mov,59,0.2113347883504343,follow_through,,False
56,pull_shot_good_05.mov,59,0.2113347883504343,completed,sequence_end_to_completed,True
57,pull_shot_good_06.mov,0,0.07205105417543561,idle,,False
57,pull_shot_good_06.mov,1,0.11143980262111279,idle,,False
57,pull_shot_good_06.mov,2,0.1326133156555903,idle,,False
57,pull_shot_good_06.mov,3,0.1497293095415713,idle,,False
57,pull_shot_good_06.mov,4,0.1168976045020118,idle,,False
57,pull_shot_good_06.mov,5,0.09537751564378737,idle,,False
57,pull_shot_good_06.mov,6,0.06899680106838237,idle,,False
57,pull_shot_good_06.mov,7,0.05120873584223451,idle,,False
57,pull_shot_good_06.mov,8,0.04370480016367706,idle,,False
57,pull_shot_good_06.mov,9,0.04489792597600155,idle,,False
57,pull_shot_good_06.mov,10,0.046948448410951256,idle,,False
57,pull_shot_good_06.mov,11,0.06274506483059193,idle,,False
57,pull_shot_good_06.mov,12,0.07749281539846303,idle,,False
57,pull_shot_good_06.mov,13,0.16303260341732248,idle,,False
57,pull_shot_good_06.mov,14,0.24868551483655565,idle,,False
57,pull_shot_good_06.mov,15,0.30814579965322997,preparation,idle_to_preparation,False
57,pull_shot_good_06.mov,16,0.34630013967000645,backswing,preparation_to_backswing,False
57,pull_shot_good_06.mov,17,0.3797557378191801,swing,backswing_to_swing,False
57,pull_shot_good_06.mov,18,0.4689338212768337,swing,,False
57,pull_shot_good_06.mov,19,0.5732913265249684,swing,,False
57,pull_shot_good_06.mov,20,0.6449386476821465,swing,,False
57,pull_shot_good_06.mov,21,0.7779796573754572,swing,,False
57,pull_shot_good_06.mov,22,0.8963058507035283,swing,,False
57,pull_shot_good_06.mov,23,0.8193793690553763,swing,,False
57,pull_shot_good_06.mov,24,0.8196714153203093,swing,,False
57,pull_shot_good_06.mov,25,0.7948947384986927,swing,,False
57,pull_shot_good_06.mov,26,0.6990524256184103,swing,,False
57,pull_shot_good_06.mov,27,0.6927348548798924,swing,,False
57,pull_shot_good_06.mov,28,0.6755341588957766,swing,,False
57,pull_shot_good_06.mov,29,0.5462893538056042,swing,,False
57,pull_shot_good_06.mov,30,0.5688309522924668,swing,,False
57,pull_shot_good_06.mov,31,0.5550506531793339,swing,,False
57,pull_shot_good_06.mov,32,0.5914532340644063,swing,,False
57,pull_shot_good_06.mov,33,0.5646638202970289,swing,,False
57,pull_shot_good_06.mov,34,0.5793839466646635,swing,,False
57,pull_shot_good_06.mov,35,0.552853409018212,swing,,False
57,pull_shot_good_06.mov,36,0.5035653750170722,swing,,False
57,pull_shot_good_06.mov,37,0.3918931530129009,swing,,False
57,pull_shot_good_06.mov,38,0.38808719060678726,swing,,False
57,pull_shot_good_06.mov,39,0.3538011467888624,swing,,False
57,pull_shot_good_06.mov,40,0.3407996037202988,swing,,False
57,pull_shot_good_06.mov,41,0.3538386902625447,swing,,False
57,pull_shot_good_06.mov,42,0.32300086697260383,swing,,False
57,pull_shot_good_06.mov,43,0.31006577353049186,swing,,False
57,pull_shot_good_06.mov,44,0.30971815853179313,swing,,False
57,pull_shot_good_06.mov,45,0.23271606109476348,swing,,False
57,pull_shot_good_06.mov,46,0.21925106518870258,swing,,False
57,pull_shot_good_06.mov,47,0.19515255373868737,swing,,False
57,pull_shot_good_06.mov,48,0.17135883151047315,follow_through,swing_to_follow_through,False
57,pull_shot_good_06.mov,49,0.1431826362430727,follow_through,,False
57,pull_shot_good_06.mov,50,0.14556545834031304,follow_through,,False
57,pull_shot_good_06.mov,51,0.11699271503041926,follow_through,,False
57,pull_shot_good_06.mov,52,0.12382325545494034,follow_through,,False
57,pull_shot_good_06.mov,53,0.11635998833630957,follow_through,,False
57,pull_shot_good_06.mov,54,0.10518722737136266,follow_through,,False
57,pull_shot_good_06.mov,55,0.08621680757643724,follow_through,,False
57,pull_shot_good_06.mov,56,0.07889331148017444,completed,follow_through_to_completed,True
57,pull_shot_good_06.mov,57,0.050995241619770905,cooldown,completed_to_cooldown,False
57,pull_shot_good_06.mov,58,0.047903862350540165,cooldown,,False
57,pull_shot_good_06.mov,59,0.048735069942038696,cooldown,,False
58,pull_shot_good_07.mov,0,0.03882630676727666,idle,,False
58,pull_shot_good_07.mov,1,0.05956572870691023,idle,,False
58,pull_shot_good_07.mov,2,0.08821765131261307,idle,,False
58,pull_shot_good_07.mov,3,0.10068860757645852,idle,,False
58,pull_shot_good_07.mov,4,0.11972604904508317,idle,,False
58,pull_shot_good_07.mov,5,0.11763247543491917,idle,,False
58,pull_shot_good_07.mov,6,0.11034216581800456,idle,,False
58,pull_shot_good_07.mov,7,0.10536578071465096,idle,,False
58,pull_shot_good_07.mov,8,0.09957443543027837,idle,,False
58,pull_shot_good_07.mov,9,0.08283851245538852,idle,,False
58,pull_shot_good_07.mov,10,0.07301094691624287,idle,,False
58,pull_shot_good_07.mov,11,0.09430470538327278,idle,,False
58,pull_shot_good_07.mov,12,0.10076279131755053,idle,,False
58,pull_shot_good_07.mov,13,0.11460722852887428,idle,,False
58,pull_shot_good_07.mov,14,0.11022610349303112,idle,,False
58,pull_shot_good_07.mov,15,0.10619797195930482,idle,,False
58,pull_shot_good_07.mov,16,0.09908953511806734,idle,,False
58,pull_shot_good_07.mov,17,0.11194324148994136,idle,,False
58,pull_shot_good_07.mov,18,0.10362310306522828,idle,,False
58,pull_shot_good_07.mov,19,0.19872512325942662,idle,,False
58,pull_shot_good_07.mov,20,0.23929167949245356,idle,,False
58,pull_shot_good_07.mov,21,0.23425123277391172,idle,,False
58,pull_shot_good_07.mov,22,0.21583523102954158,idle,,False
58,pull_shot_good_07.mov,23,0.2667665535296837,idle,,False
58,pull_shot_good_07.mov,24,0.2937051843748781,preparation,idle_to_preparation,False
58,pull_shot_good_07.mov,25,0.31202990503729794,backswing,preparation_to_backswing,False
58,pull_shot_good_07.mov,26,0.4367767877836096,swing,backswing_to_swing,False
58,pull_shot_good_07.mov,27,0.49746455955143654,swing,,False
58,pull_shot_good_07.mov,28,0.47256600519500547,swing,,False
58,pull_shot_good_07.mov,29,0.45256102212111915,swing,,False
58,pull_shot_good_07.mov,30,0.46427591865279155,swing,,False
58,pull_shot_good_07.mov,31,0.35808390828506864,swing,,False
58,pull_shot_good_07.mov,32,0.3858156874856498,swing,,False
58,pull_shot_good_07.mov,33,0.3949679513430339,swing,,False
58,pull_shot_good_07.mov,34,0.39761300495736585,swing,,False
58,pull_shot_good_07.mov,35,0.519467277806962,swing,,False
58,pull_shot_good_07.mov,36,0.6783184181984037,swing,,False
58,pull_shot_good_07.mov,37,0.7501395119591647,swing,,False
58,pull_shot_good_07.mov,38,0.8306459587752243,swing,,False
58,pull_shot_good_07.mov,39,0.9049860207400914,swing,,False
58,pull_shot_good_07.mov,40,0.7388815684609029,swing,,False
58,pull_shot_good_07.mov,41,0.5788389149287312,swing,,False
58,pull_shot_good_07.mov,42,0.4786350412416077,swing,,False
58,pull_shot_good_07.mov,43,0.36220672959774985,swing,,False
58,pull_shot_good_07.mov,44,0.2699754940105477,swing,,False
58,pull_shot_good_07.mov,45,0.2809829502540748,swing,,False
58,pull_shot_good_07.mov,46,0.27014921312521867,swing,,False
58,pull_shot_good_07.mov,47,0.29977338814279847,swing,,False
58,pull_shot_good_07.mov,48,0.3444286820039503,swing,,False
58,pull_shot_good_07.mov,49,0.36766916436913194,swing,,False
58,pull_shot_good_07.mov,50,0.5227661604047933,swing,,False
58,pull_shot_good_07.mov,51,0.6930271782016795,swing,,False
58,pull_shot_good_07.mov,52,0.65915371026223,swing,,False
58,pull_shot_good_07.mov,53,0.6702880380656294,swing,,False
58,pull_shot_good_07.mov,54,0.6858186729632013,swing,,False
58,pull_shot_good_07.mov,55,0.5696683072168938,swing,,False
58,pull_shot_good_07.mov,56,0.4305336666611599,swing,,False
58,pull_shot_good_07.mov,57,0.41819124734827173,swing,,False
58,pull_shot_good_07.mov,58,0.41895093561575864,swing,,False
58,pull_shot_good_07.mov,59,0.34814878144807304,swing,,False
58,pull_shot_good_07.mov,59,0.34814878144807304,completed,sequence_end_to_completed,True
59,pull_shot_good_08.mov,0,0.02459254952035456,idle,,False
59,pull_shot_good_08.mov,1,0.03842622359058853,idle,,False
59,pull_shot_good_08.mov,2,0.052263713465895395,idle,,False
59,pull_shot_good_08.mov,3,0.062438020058864604,idle,,False
59,pull_shot_good_08.mov,4,0.08147990400449737,idle,,False
59,pull_shot_good_08.mov,5,0.07229422921735794,idle,,False
59,pull_shot_good_08.mov,6,0.07476960580916783,idle,,False
59,pull_shot_good_08.mov,7,0.07599067699095226,idle,,False
59,pull_shot_good_08.mov,8,0.07914517083202179,idle,,False
59,pull_shot_good_08.mov,9,0.07569764436220422,idle,,False
59,pull_shot_good_08.mov,10,0.08619415194999912,idle,,False
59,pull_shot_good_08.mov,11,0.07515536083007608,idle,,False
59,pull_shot_good_08.mov,12,0.07286045766733983,idle,,False
59,pull_shot_good_08.mov,13,0.06528806103465015,idle,,False
59,pull_shot_good_08.mov,14,0.052482997471426665,idle,,False
59,pull_shot_good_08.mov,15,0.037694542907486445,idle,,False
59,pull_shot_good_08.mov,16,0.040848962199965075,idle,,False
59,pull_shot_good_08.mov,17,0.04288793597156862,idle,,False
59,pull_shot_good_08.mov,18,0.0572987796086527,idle,,False
59,pull_shot_good_08.mov,19,0.06725999214265403,idle,,False
59,pull_shot_good_08.mov,20,0.07860150157239634,idle,,False
59,pull_shot_good_08.mov,21,0.08114174298538673,idle,,False
59,pull_shot_good_08.mov,22,0.16070976447765845,idle,,False
59,pull_shot_good_08.mov,23,0.22393448264943347,idle,,False
59,pull_shot_good_08.mov,24,0.2457794741937092,idle,,False
59,pull_shot_good_08.mov,25,0.2936167040484014,preparation,idle_to_preparation,False
59,pull_shot_good_08.mov,26,0.31996794749264507,backswing,preparation_to_backswing,False
59,pull_shot_good_08.mov,27,0.2505837907320175,backswing,,False
59,pull_shot_good_08.mov,28,0.282556542972816,swing,backswing_to_swing,False
59,pull_shot_good_08.mov,29,0.4402542594603253,swing,,False
59,pull_shot_good_08.mov,30,0.46217787214866074,swing,,False
59,pull_shot_good_08.mov,31,0.5659116103154261,swing,,False
59,pull_shot_good_08.mov,32,0.6297649268752606,swing,,False
59,pull_shot_good_08.mov,33,0.56380240502373,swing,,False
59,pull_shot_good_08.mov,34,0.41130960747757256,swing,,False
59,pull_shot_good_08.mov,35,0.41309365210657273,swing,,False
59,pull_shot_good_08.mov,36,0.31736545364835833,swing,,False
59,pull_shot_good_08.mov,37,0.4285256406909212,swing,,False
59,pull_shot_good_08.mov,38,0.579123444691445,swing,,False
59,pull_shot_good_08.mov,39,0.5692401538644201,swing,,False
59,pull_shot_good_08.mov,40,0.5053132711424111,swing,,False
59,pull_shot_good_08.mov,41,0.5167336322496151,swing,,False
59,pull_shot_good_08.mov,42,0.3702595334416543,swing,,False
59,pull_shot_good_08.mov,43,0.3079862693790204,swing,,False
59,pull_shot_good_08.mov,44,0.47099276505497245,swing,,False
59,pull_shot_good_08.mov,45,0.47480255094733564,swing,,False
59,pull_shot_good_08.mov,46,0.4921372822768044,swing,,False
59,pull_shot_good_08.mov,47,0.5126883863428586,swing,,False
59,pull_shot_good_08.mov,48,0.3938895149997695,swing,,False
59,pull_shot_good_08.mov,49,0.2135853947269531,swing,,False
59,pull_shot_good_08.mov,50,0.21798176193448618,swing,,False
59,pull_shot_good_08.mov,51,0.16785276549001152,follow_through,swing_to_follow_through,False
59,pull_shot_good_08.mov,52,0.12862440258105373,follow_through,,False
59,pull_shot_good_08.mov,53,0.12651947295775204,follow_through,,False
59,pull_shot_good_08.mov,54,0.15110471848083531,follow_through,,False
59,pull_shot_good_08.mov,55,0.16352133514986888,follow_through,,False
59,pull_shot_good_08.mov,56,0.16487045002193884,follow_through,,False
59,pull_shot_good_08.mov,57,0.20480977267571515,follow_through,,False
59,pull_shot_good_08.mov,58,0.2627748027076518,follow_through,,False
59,pull_shot_good_08.mov,59,0.2932816424602969,follow_through,,False
59,pull_shot_good_08.mov,59,0.2932816424602969,completed,sequence_end_to_completed,True
60,sweep_shot_average_01.mov,0,0.13902336730608283,idle,,False
60,sweep_shot_average_01.mov,1,0.2029925323696636,idle,,False
60,sweep_shot_average_01.mov,2,0.24589183479495663,idle,,False
60,sweep_shot_average_01.mov,3,0.34662125720540204,preparation,idle_to_preparation,False
60,sweep_shot_average_01.mov,4,0.2800555624034198,backswing,preparation_to_backswing,False
60,sweep_shot_average_01.mov,5,0.3861974326562827,swing,backswing_to_swing,False
60,sweep_shot_average_01.mov,6,0.37395691392195396,swing,,False
60,sweep_shot_average_01.mov,7,0.39203454511162583,swing,,False
60,sweep_shot_average_01.mov,8,0.44948476290630524,swing,,False
60,sweep_shot_average_01.mov,9,0.6158388535556655,swing,,False
60,sweep_shot_average_01.mov,10,0.580593266119928,swing,,False
60,sweep_shot_average_01.mov,11,0.703287725585046,swing,,False
60,sweep_shot_average_01.mov,12,0.7368677765562073,swing,,False
60,sweep_shot_average_01.mov,13,0.6047430681980185,swing,,False
60,sweep_shot_average_01.mov,14,0.43537621280829447,swing,,False
60,sweep_shot_average_01.mov,15,0.3643055945075472,swing,,False
60,sweep_shot_average_01.mov,16,0.22484992845760404,swing,,False
60,sweep_shot_average_01.mov,17,0.1538659104151343,follow_through,swing_to_follow_through,False
60,sweep_shot_average_01.mov,18,0.16661849615832444,follow_through,,False
60,sweep_shot_average_01.mov,19,0.19453553860984873,follow_through,,False
60,sweep_shot_average_01.mov,20,0.20026269567182048,follow_through,,False
60,sweep_shot_average_01.mov,21,0.22200809056854376,follow_through,,False
60,sweep_shot_average_01.mov,22,0.3977668126030019,follow_through,,False
60,sweep_shot_average_01.mov,23,0.47223946667668953,follow_through,,False
60,sweep_shot_average_01.mov,24,0.5593432900614743,follow_through,,False
60,sweep_shot_average_01.mov,25,0.6609633821528419,follow_through,,False
60,sweep_shot_average_01.mov,26,0.7152921986919136,follow_through,,False
60,sweep_shot_average_01.mov,27,0.637270022026507,follow_through,,False
60,sweep_shot_average_01.mov,28,0.6684251202882158,follow_through,,False
60,sweep_shot_average_01.mov,29,0.7230452999603152,follow_through,,False
60,sweep_shot_average_01.mov,30,0.7412678472934298,follow_through,,False
60,sweep_shot_average_01.mov,31,0.7830730077976304,follow_through,,False
60,sweep_shot_average_01.mov,32,0.7031784987879394,follow_through,,False
60,sweep_shot_average_01.mov,33,0.6630697992262259,follow_through,,False
60,sweep_shot_average_01.mov,34,0.509224972521805,follow_through,,False
60,sweep_shot_average_01.mov,35,0.3694142649700868,follow_through,,False
60,sweep_shot_average_01.mov,36,0.2644669618485991,follow_through,,False
60,sweep_shot_average_01.mov,37,0.25617618174607604,follow_through,,False
60,sweep_shot_average_01.mov,38,0.192647820783351,follow_through,,False
60,sweep_shot_average_01.mov,39,0.18786899997897255,follow_through,,False
60,sweep_shot_average_01.mov,40,0.2061303351650458,follow_through,,False
60,sweep_shot_average_01.mov,41,0.19435277553008212,follow_through,,False
60,sweep_shot_average_01.mov,42,0.21270787671247787,follow_through,,False
60,sweep_shot_average_01.mov,43,0.22924866048991577,follow_through,,False
60,sweep_shot_average_01.mov,44,0.2920568587478742,follow_through,,False
60,sweep_shot_average_01.mov,45,0.4339087743291297,follow_through,,False
60,sweep_shot_average_01.mov,46,0.5977868254011584,follow_through,,False
60,sweep_shot_average_01.mov,47,0.6758686961668897,follow_through,,False
60,sweep_shot_average_01.mov,48,0.6884806138177266,follow_through,,False
60,sweep_shot_average_01.mov,49,0.6825848680248295,follow_through,,False
60,sweep_shot_average_01.mov,50,0.5856903008990908,follow_through,,False
60,sweep_shot_average_01.mov,51,0.5001850907512527,follow_through,,False
60,sweep_shot_average_01.mov,52,0.5706238960026321,follow_through,,False
60,sweep_shot_average_01.mov,53,0.5699075285619244,follow_through,,False
60,sweep_shot_average_01.mov,54,0.527949566606535,follow_through,,False
60,sweep_shot_average_01.mov,55,0.4967963904304608,follow_through,,False
60,sweep_shot_average_01.mov,56,0.4522317159181064,follow_through,,False
60,sweep_shot_average_01.mov,57,0.281680549867717,follow_through,,False
60,sweep_shot_average_01.mov,58,0.24189484042867657,follow_through,,False
60,sweep_shot_average_01.mov,59,0.2150128313774145,follow_through,,False
60,sweep_shot_average_01.mov,59,0.2150128313774145,completed,sequence_end_to_completed,True
61,sweep_shot_average_02.mov,0,0.13032842411531795,idle,,False
61,sweep_shot_average_02.mov,1,0.24076759699340078,idle,,False
61,sweep_shot_average_02.mov,2,0.431501640746649,preparation,idle_to_preparation,False
61,sweep_shot_average_02.mov,3,0.5050814681514832,backswing,preparation_to_backswing,False
61,sweep_shot_average_02.mov,4,0.5625117494288052,swing,backswing_to_swing,False
61,sweep_shot_average_02.mov,5,0.6396792868484203,swing,,False
61,sweep_shot_average_02.mov,6,0.6837898199987306,swing,,False
61,sweep_shot_average_02.mov,7,0.5683990589973534,swing,,False
61,sweep_shot_average_02.mov,8,0.5399693683942487,swing,,False
61,sweep_shot_average_02.mov,9,0.42910565552972524,swing,,False
61,sweep_shot_average_02.mov,10,0.3285325943380024,swing,,False
61,sweep_shot_average_02.mov,11,0.20522300725630752,swing,,False
61,sweep_shot_average_02.mov,12,0.14401905907127568,follow_through,swing_to_follow_through,False
61,sweep_shot_average_02.mov,13,0.1124979509487945,follow_through,,False
61,sweep_shot_average_02.mov,14,0.10652937152762151,follow_through,,False
61,sweep_shot_average_02.mov,15,0.12425895241230814,follow_through,,False
61,sweep_shot_average_02.mov,16,0.12903674356947395,follow_through,,False
61,sweep_shot_average_02.mov,17,0.15095856337817257,follow_through,,False
61,sweep_shot_average_02.mov,18,0.16951437276182452,follow_through,,False
61,sweep_shot_average_02.mov,19,0.19646003589035205,follow_through,,False
61,sweep_shot_average_02.mov,20,0.2400712509230713,follow_through,,False
61,sweep_shot_average_02.mov,21,0.4038954931610613,follow_through,,False
61,sweep_shot_average_02.mov,22,0.4765761817295285,follow_through,,False
61,sweep_shot_average_02.mov,23,0.5846189325231561,follow_through,,False
61,sweep_shot_average_02.mov,24,0.5762264796982334,follow_through,,False
61,sweep_shot_average_02.mov,25,0.5786779221869154,follow_through,,False
61,sweep_shot_average_02.mov,26,0.5351416595522696,follow_through,,False
61,sweep_shot_average_02.mov,27,0.5089859738776557,follow_through,,False
61,sweep_shot_average_02.mov,28,0.535379405392704,follow_through,,False
61,sweep_shot_average_02.mov,29,0.658268291479799,follow_through,,False
61,sweep_shot_average_02.mov,30,0.7678652782917774,follow_through,,False
61,sweep_shot_average_02.mov,31,0.8115593885845696,follow_through,,False
61,sweep_shot_average_02.mov,32,0.8623823634928603,follow_through,,False
61,sweep_shot_average_02.mov,33,0.7460717602077607,follow_through,,False
61,sweep_shot_average_02.mov,34,0.7231073417625279,follow_through,,False
61,sweep_shot_average_02.mov,35,0.5718372554252755,follow_through,,False
61,sweep_shot_average_02.mov,36,0.46302299864376906,follow_through,,False
61,sweep_shot_average_02.mov,37,0.3975585373880665,follow_through,,False
61,sweep_shot_average_02.mov,38,0.3908972847257709,follow_through,,False
61,sweep_shot_average_02.mov,39,0.3136278828987486,follow_through,,False
61,sweep_shot_average_02.mov,40,0.33653200946723627,follow_through,,False
61,sweep_shot_average_02.mov,41,0.3156186914401302,follow_through,,False
61,sweep_shot_average_02.mov,42,0.2897261277469515,follow_through,,False
61,sweep_shot_average_02.mov,43,0.33626402587868,follow_through,,False
61,sweep_shot_average_02.mov,44,0.3410046397487375,follow_through,,False
61,sweep_shot_average_02.mov,45,0.3368201899338763,follow_through,,False
61,sweep_shot_average_02.mov,46,0.39194222209533364,follow_through,,False
61,sweep_shot_average_02.mov,47,0.5498901148665327,follow_through,,False
61,sweep_shot_average_02.mov,48,0.6375045322922028,follow_through,,False
61,sweep_shot_average_02.mov,49,0.7241254945281426,follow_through,,False
61,sweep_shot_average_02.mov,50,0.7252062737520126,follow_through,,False
61,sweep_shot_average_02.mov,51,0.6823125848182434,follow_through,,False
61,sweep_shot_average_02.mov,52,0.5579653607768429,follow_through,,False
61,sweep_shot_average_02.mov,53,0.48753661701248846,follow_through,,False
61,sweep_shot_average_02.mov,54,0.42110722769818515,follow_through,,False
61,sweep_shot_average_02.mov,55,0.41227075337638946,follow_through,,False
61,sweep_shot_average_02.mov,56,0.377063470062721,follow_through,,False
61,sweep_shot_average_02.mov,57,0.43035221591475753,follow_through,,False
61,sweep_shot_average_02.mov,58,0.4519210015081685,follow_through,,False
61,sweep_shot_average_02.mov,59,0.4938119458557634,follow_through,,False
61,sweep_shot_average_02.mov,59,0.4938119458557634,completed,sequence_end_to_completed,True
62,sweep_shot_average_03.mov,0,0.10021271708825195,idle,,False
62,sweep_shot_average_03.mov,1,0.14081467041488732,idle,,False
62,sweep_shot_average_03.mov,2,0.16338529560835569,idle,,False
62,sweep_shot_average_03.mov,3,0.20051473146958373,idle,,False
62,sweep_shot_average_03.mov,4,0.1439841446970672,idle,,False
62,sweep_shot_average_03.mov,5,0.15306968548936412,idle,,False
62,sweep_shot_average_03.mov,6,0.15012496641527254,idle,,False
62,sweep_shot_average_03.mov,7,0.15269212035619076,idle,,False
62,sweep_shot_average_03.mov,8,0.13380105602419476,idle,,False
62,sweep_shot_average_03.mov,9,0.14670363189579086,idle,,False
62,sweep_shot_average_03.mov,10,0.1433277417986272,idle,,False
62,sweep_shot_average_03.mov,11,0.12666279367576838,idle,,False
62,sweep_shot_average_03.mov,12,0.11723609856981268,idle,,False
62,sweep_shot_average_03.mov,13,0.14594689205662462,idle,,False
62,sweep_shot_average_03.mov,14,0.1900063743359457,idle,,False
62,sweep_shot_average_03.mov,15,0.2796076647712522,idle,,False
62,sweep_shot_average_03.mov,16,0.4014825029944181,preparation,idle_to_preparation,False
62,sweep_shot_average_03.mov,17,0.585235871622114,backswing,preparation_to_backswing,False
62,sweep_shot_average_03.mov,18,0.7361322871153971,swing,backswing_to_swing,False
62,sweep_shot_average_03.mov,19,0.774900235759199,swing,,False
62,sweep_shot_average_03.mov,20,0.8189537992402295,swing,,False
62,sweep_shot_average_03.mov,21,0.7536341769434413,swing,,False
62,sweep_shot_average_03.mov,22,0.7037231558461091,swing,,False
62,sweep_shot_average_03.mov,23,0.5940829310704738,swing,,False
62,sweep_shot_average_03.mov,24,0.6009681905638399,swing,,False
62,sweep_shot_average_03.mov,25,0.5951499365664654,swing,,False
62,sweep_shot_average_03.mov,26,0.6255672764287163,swing,,False
62,sweep_shot_average_03.mov,27,0.6262677710194956,swing,,False
62,sweep_shot_average_03.mov,28,0.6055609536422988,swing,,False
62,sweep_shot_average_03.mov,29,0.5758197464602155,swing,,False
62,sweep_shot_average_03.mov,30,0.4818754587516564,swing,,False
62,sweep_shot_average_03.mov,31,0.4691879954134649,swing,,False
62,sweep_shot_average_03.mov,32,0.4258066236038891,swing,,False
62,sweep_shot_average_03.mov,33,0.4375525918601436,swing,,False
62,sweep_shot_average_03.mov,34,0.4044258678417536,swing,,False
62,sweep_shot_average_03.mov,35,0.43596861096622946,swing,,False
62,sweep_shot_average_03.mov,36,0.5312660939148228,swing,,False
62,sweep_shot_average_03.mov,37,0.4809235390027953,swing,,False
62,sweep_shot_average_03.mov,38,0.47928498133329345,swing,,False
62,sweep_shot_average_03.mov,39,0.5549224401951368,swing,,False
62,sweep_shot_average_03.mov,40,0.5035434925532033,swing,,False
62,sweep_shot_average_03.mov,41,0.48344413175640777,swing,,False
62,sweep_shot_average_03.mov,42,0.5299535936239415,swing,,False
62,sweep_shot_average_03.mov,43,0.6523476446806936,swing,,False
62,sweep_shot_average_03.mov,44,0.6106852636375049,swing,,False
62,sweep_shot_average_03.mov,45,0.7034811599268377,swing,,False
62,sweep_shot_average_03.mov,46,0.7324390387029558,swing,,False
62,sweep_shot_average_03.mov,47,0.6917810376933833,swing,,False
62,sweep_shot_average_03.mov,48,0.6917810376933833,swing,,False
62,sweep_shot_average_03.mov,49,0.6938828812310022,swing,,False
62,sweep_shot_average_03.mov,50,0.7519986859985639,swing,,False
62,sweep_shot_average_03.mov,51,0.6491394162278343,swing,,False
62,sweep_shot_average_03.mov,52,0.7076326075478485,swing,,False
62,sweep_shot_average_03.mov,53,0.5719559043835578,swing,,False
62,sweep_shot_average_03.mov,54,0.5339570423738496,swing,,False
62,sweep_shot_average_03.mov,55,0.4261925596554679,swing,,False
62,sweep_shot_average_03.mov,56,0.3811503194175443,swing,,False
62,sweep_shot_average_03.mov,57,0.4009306818713089,swing,,False
62,sweep_shot_average_03.mov,58,0.4772623990953102,swing,,False
62,sweep_shot_average_03.mov,59,0.5657324289601353,swing,,False
62,sweep_shot_average_03.mov,59,0.5657324289601353,completed,sequence_end_to_completed,True
63,sweep_shot_average_04.mov,0,0.08852884948585306,idle,,False
63,sweep_shot_average_04.mov,1,0.12402439927700856,idle,,False
63,sweep_shot_average_04.mov,2,0.16186037561743472,idle,,False
63,sweep_shot_average_04.mov,3,0.21134726558295797,idle,,False
63,sweep_shot_average_04.mov,4,0.21378492488693218,idle,,False
63,sweep_shot_average_04.mov,5,0.1751479403076386,idle,,False
63,sweep_shot_average_04.mov,6,0.1896532304988565,idle,,False
63,sweep_shot_average_04.mov,7,0.21448071975225388,idle,,False
63,sweep_shot_average_04.mov,8,0.18724218002906132,idle,,False
63,sweep_shot_average_04.mov,9,0.16542372364911032,idle,,False
63,sweep_shot_average_04.mov,10,0.16609583974736106,idle,,False
63,sweep_shot_average_04.mov,11,0.13426578038459927,idle,,False
63,sweep_shot_average_04.mov,12,0.10829965897221659,idle,,False
63,sweep_shot_average_04.mov,13,0.1574141863432682,idle,,False
63,sweep_shot_average_04.mov,14,0.19408073157849867,idle,,False
63,sweep_shot_average_04.mov,15,0.24315140420272174,idle,,False
63,sweep_shot_average_04.mov,16,0.3455401067068562,preparation,idle_to_preparation,False
63,sweep_shot_average_04.mov,17,0.4690580837590032,backswing,preparation_to_backswing,False
63,sweep_shot_average_04.mov,18,0.4504861892254557,swing,backswing_to_swing,False
63,sweep_shot_average_04.mov,19,0.5960511267791674,swing,,False
63,sweep_shot_average_04.mov,20,0.7319255533932073,swing,,False
63,sweep_shot_average_04.mov,21,0.7163488852424901,swing,,False
63,sweep_shot_average_04.mov,22,0.7273899535886741,swing,,False
63,sweep_shot_average_04.mov,23,0.75561128401903,swing,,False
63,sweep_shot_average_04.mov,24,0.7556112840190301,swing,,False
63,sweep_shot_average_04.mov,25,0.7572515180629913,swing,,False
63,sweep_shot_average_04.mov,26,0.7479853591293664,swing,,False
63,sweep_shot_average_04.mov,27,0.6731071479357994,swing,,False
63,sweep_shot_average_04.mov,28,0.669899232379286,swing,,False
63,sweep_shot_average_04.mov,29,0.5639610985870779,swing,,False
63,sweep_shot_average_04.mov,30,0.47144421762553834,swing,,False
63,sweep_shot_average_04.mov,31,0.49206994731435116,swing,,False
63,sweep_shot_average_04.mov,32,0.5322396087885114,swing,,False
63,sweep_shot_average_04.mov,33,0.5116247177194285,swing,,False
63,sweep_shot_average_04.mov,34,0.4799848681966623,swing,,False
63,sweep_shot_average_04.mov,35,0.42053533020768147,swing,,False
63,sweep_shot_average_04.mov,36,0.40309011241252485,swing,,False
63,sweep_shot_average_04.mov,37,0.3326349961610326,swing,,False
63,sweep_shot_average_04.mov,38,0.30251961741647454,swing,,False
63,sweep_shot_average_04.mov,39,0.3053823452403695,swing,,False
63,sweep_shot_average_04.mov,40,0.314178769990971,swing,,False
63,sweep_shot_average_04.mov,41,0.2541377274928273,swing,,False
63,sweep_shot_average_04.mov,42,0.2235923707513307,swing,,False
63,sweep_shot_average_04.mov,43,0.2425709437611473,swing,,False
63,sweep_shot_average_04.mov,44,0.2203510862744522,swing,,False
63,sweep_shot_average_04.mov,45,0.2262506776114612,swing,,False
63,sweep_shot_average_04.mov,46,0.2942649605087218,swing,,False
63,sweep_shot_average_04.mov,47,0.330745208448265,swing,,False
63,sweep_shot_average_04.mov,48,0.347320591036721,swing,,False
63,sweep_shot_average_04.mov,49,0.3805468844149949,swing,,False
63,sweep_shot_average_04.mov,50,0.3747867874499135,swing,,False
63,sweep_shot_average_04.mov,51,0.3422100871681292,swing,,False
63,sweep_shot_average_04.mov,52,0.3134053890425423,swing,,False
63,sweep_shot_average_04.mov,53,0.2875883355611533,swing,,False
63,sweep_shot_average_04.mov,54,0.26223310507346803,swing,,False
63,sweep_shot_average_04.mov,55,0.2547908006607138,swing,,False
63,sweep_shot_average_04.mov,56,0.3415524328124323,swing,,False
63,sweep_shot_average_04.mov,57,0.380740098194343,swing,,False
63,sweep_shot_average_04.mov,58,0.42633965000066637,swing,,False
63,sweep_shot_average_04.mov,59,0.45781428215109543,swing,,False
63,sweep_shot_average_04.mov,59,0.45781428215109543,completed,sequence_end_to_completed,True
64,sweep_shot_average_05.mov,0,0.02607462803749782,idle,,False
64,sweep_shot_average_05.mov,1,0.051900783738661575,idle,,False
64,sweep_shot_average_05.mov,2,0.060301644747768286,idle,,False
64,sweep_shot_average_05.mov,3,0.07755609909062794,idle,,False
64,sweep_shot_average_05.mov,4,0.06760232592018162,idle,,False
64,sweep_shot_average_05.mov,5,0.08695189735347976,idle,,False
64,sweep_shot_average_05.mov,6,0.08935599647402619,idle,,False
64,sweep_shot_average_05.mov,7,0.10216134988612222,idle,,False
64,sweep_shot_average_05.mov,8,0.12438216019882913,idle,,False
64,sweep_shot_average_05.mov,9,0.17481042956065226,idle,,False
64,sweep_shot_average_05.mov,10,0.24178148651869955,idle,,False
64,sweep_shot_average_05.mov,11,0.2674291857283219,idle,,False
64,sweep_shot_average_05.mov,12,0.3559299052261169,preparation,idle_to_preparation,False
64,sweep_shot_average_05.mov,13,0.4156483382311124,backswing,preparation_to_backswing,False
64,sweep_shot_average_05.mov,14,0.449745199723723,swing,backswing_to_swing,False
64,sweep_shot_average_05.mov,15,0.37310529741319065,swing,,False
64,sweep_shot_average_05.mov,16,0.3482820459755419,swing,,False
64,sweep_shot_average_05.mov,17,0.2781863860715372,swing,,False
64,sweep_shot_average_05.mov,18,0.2849394145631568,swing,,False
64,sweep_shot_average_05.mov,19,0.22508056663497752,swing,,False
64,sweep_shot_average_05.mov,20,0.24373500253619743,swing,,False
64,sweep_shot_average_05.mov,21,0.301486682935272,swing,,False
64,sweep_shot_average_05.mov,22,0.39786665061713855,swing,,False
64,sweep_shot_average_05.mov,23,0.3962343703156124,swing,,False
64,sweep_shot_average_05.mov,24,0.510272456036271,swing,,False
64,sweep_shot_average_05.mov,25,0.5951770604268819,swing,,False
64,sweep_shot_average_05.mov,26,0.5405479459387182,swing,,False
64,sweep_shot_average_05.mov,27,0.4610286849534856,swing,,False
64,sweep_shot_average_05.mov,28,0.55671423910283,swing,,False
64,sweep_shot_average_05.mov,29,0.44787433165994567,swing,,False
64,sweep_shot_average_05.mov,30,0.36306796819205117,swing,,False
64,sweep_shot_average_05.mov,31,0.3744752835569712,swing,,False
64,sweep_shot_average_05.mov,32,0.517073399259209,swing,,False
64,sweep_shot_average_05.mov,33,0.3725750536737976,swing,,False
64,sweep_shot_average_05.mov,34,0.3719864245315665,swing,,False
64,sweep_shot_average_05.mov,35,0.4052331598497545,swing,,False
64,sweep_shot_average_05.mov,36,0.38997368412837163,swing,,False
64,sweep_shot_average_05.mov,37,0.20178469206849134,swing,,False
64,sweep_shot_average_05.mov,38,0.17212414252365799,follow_through,swing_to_follow_through,False
64,sweep_shot_average_05.mov,39,0.16800473102964236,follow_through,,False
64,sweep_shot_average_05.mov,40,0.18780109995374977,follow_through,,False
64,sweep_shot_average_05.mov,41,0.35947599180561784,follow_through,,False
64,sweep_shot_average_05.mov,42,0.4019308152072892,follow_through,,False
64,sweep_shot_average_05.mov,43,0.5515073738299214,follow_through,,False
64,sweep_shot_average_05.mov,44,0.7163192289399629,follow_through,,False
64,sweep_shot_average_05.mov,45,0.7712628383573045,follow_through,,False
64,sweep_shot_average_05.mov,46,0.7053767059729662,follow_through,,False
64,sweep_shot_average_05.mov,47,0.7958985221429953,follow_through,,False
64,sweep_shot_average_05.mov,48,0.6532226610708924,follow_through,,False
64,sweep_shot_average_05.mov,49,0.5117747176611104,follow_through,,False
64,sweep_shot_average_05.mov,50,0.4072753167122611,follow_through,,False
64,sweep_shot_average_05.mov,51,0.2951475199073737,follow_through,,False
64,sweep_shot_average_05.mov,52,0.21475787714996517,follow_through,,False
64,sweep_shot_average_05.mov,53,0.22337348674971372,follow_through,,False
64,sweep_shot_average_05.mov,54,0.22333277058567164,follow_through,,False
64,sweep_shot_average_05.mov,55,0.24288584346512893,follow_through,,False
64,sweep_shot_average_05.mov,56,0.2357572141532074,follow_through,,False
64,sweep_shot_average_05.mov,57,0.18361075546670377,follow_through,,False
64,sweep_shot_average_05.mov,58,0.1535749859284432,follow_through,,False
64,sweep_shot_average_05.mov,59,0.10638528798403979,follow_through,,False
64,sweep_shot_average_05.mov,59,0.10638528798403979,completed,sequence_end_to_completed,True
65,sweep_shot_average_06.mov,0,0.12008301990065721,idle,,False
65,sweep_shot_average_06.mov,1,0.18317535880220995,idle,,False
65,sweep_shot_average_06.mov,2,0.2013524395808199,idle,,False
65,sweep_shot_average_06.mov,3,0.22886654225632277,idle,,False
65,sweep_shot_average_06.mov,4,0.21213773073585382,idle,,False
65,sweep_shot_average_06.mov,5,0.19822457506586932,idle,,False
65,sweep_shot_average_06.mov,6,0.14871810643392525,idle,,False
65,sweep_shot_average_06.mov,7,0.16276590588482498,idle,,False
65,sweep_shot_average_06.mov,8,0.16474291170854607,idle,,False
65,sweep_shot_average_06.mov,9,0.18126623054089153,idle,,False
65,sweep_shot_average_06.mov,10,0.22103152720086686,idle,,False
65,sweep_shot_average_06.mov,11,0.3722875655253636,preparation,idle_to_preparation,False
65,sweep_shot_average_06.mov,12,0.4467813369438702,backswing,preparation_to_backswing,False
65,sweep_shot_average_06.mov,13,0.6037179150035074,swing,backswing_to_swing,False
65,sweep_shot_average_06.mov,14,0.6426532880158642,swing,,False
65,sweep_shot_average_06.mov,15,0.6763523918616371,swing,,False
65,sweep_shot_average_06.mov,16,0.6594685625050605,swing,,False
65,sweep_shot_average_06.mov,17,0.6737689970232174,swing,,False
65,sweep_shot_average_06.mov,18,0.6180460321640993,swing,,False
65,sweep_shot_average_06.mov,19,0.730400250397625,swing,,False
65,sweep_shot_average_06.mov,20,0.799681887103445,swing,,False
65,sweep_shot_average_06.mov,21,0.8181750771336038,swing,,False
65,sweep_shot_average_06.mov,22,0.7981812813719857,swing,,False
65,sweep_shot_average_06.mov,23,0.8405917181414126,swing,,False
65,sweep_shot_average_06.mov,24,0.7016670446413668,swing,,False
65,sweep_shot_average_06.mov,25,0.5625827110230166,swing,,False
65,sweep_shot_average_06.mov,26,0.44870058239381383,swing,,False
65,sweep_shot_average_06.mov,27,0.3939779266732229,swing,,False
65,sweep_shot_average_06.mov,28,0.2661218654039156,swing,,False
65,sweep_shot_average_06.mov,29,0.24806578861900852,swing,,False
65,sweep_shot_average_06.mov,30,0.30631132648809245,swing,,False
65,sweep_shot_average_06.mov,31,0.2983464103881335,swing,,False
65,sweep_shot_average_06.mov,32,0.31554973986608353,swing,,False
65,sweep_shot_average_06.mov,33,0.338571710566607,swing,,False
65,sweep_shot_average_06.mov,34,0.40475197432882126,swing,,False
65,sweep_shot_average_06.mov,35,0.34721580075085,swing,,False
65,sweep_shot_average_06.mov,36,0.4570839437599884,swing,,False
65,sweep_shot_average_06.mov,37,0.5932125280906024,swing,,False
65,sweep_shot_average_06.mov,38,0.6928595443836031,swing,,False
65,sweep_shot_average_06.mov,39,0.7486605252327447,swing,,False
65,sweep_shot_average_06.mov,40,0.8030628310255598,swing,,False
65,sweep_shot_average_06.mov,41,0.739393596807677,swing,,False
65,sweep_shot_average_06.mov,42,0.6963496330455088,swing,,False
65,sweep_shot_average_06.mov,43,0.7125702690339846,swing,,False
65,sweep_shot_average_06.mov,44,0.689517087488986,swing,,False
65,sweep_shot_average_06.mov,45,0.7332097630912715,swing,,False
65,sweep_shot_average_06.mov,46,0.7705551984234806,swing,,False
65,sweep_shot_average_06.mov,47,0.8084771247496654,swing,,False
65,sweep_shot_average_06.mov,48,0.7269825641140663,swing,,False
65,sweep_shot_average_06.mov,49,0.661430093907038,swing,,False
65,sweep_shot_average_06.mov,50,0.5566594023945071,swing,,False
65,sweep_shot_average_06.mov,51,0.49674259183807673,swing,,False
65,sweep_shot_average_06.mov,52,0.36431699955501784,swing,,False
65,sweep_shot_average_06.mov,53,0.3263768675346176,swing,,False
65,sweep_shot_average_06.mov,54,0.2971550535062351,swing,,False
65,sweep_shot_average_06.mov,55,0.3566038858941789,swing,,False
65,sweep_shot_average_06.mov,56,0.39217911538680134,swing,,False
65,sweep_shot_average_06.mov,57,0.5300921966133154,swing,,False
65,sweep_shot_average_06.mov,58,0.6653781690874523,swing,,False
65,sweep_shot_average_06.mov,59,0.8182051405414585,swing,,False
65,sweep_shot_average_06.mov,59,0.8182051405414585,completed,sequence_end_to_completed,True
66,sweep_shot_average_07.mov,0,0.016288393453191694,idle,,False
66,sweep_shot_average_07.mov,1,0.02843477694774407,idle,,False
66,sweep_shot_average_07.mov,2,0.03763309116628386,idle,,False
66,sweep_shot_average_07.mov,3,0.04471711481619186,idle,,False
66,sweep_shot_average_07.mov,4,0.03933093302222574,idle,,False
66,sweep_shot_average_07.mov,5,0.036936364322735525,idle,,False
66,sweep_shot_average_07.mov,6,0.03265074996860425,idle,,False
66,sweep_shot_average_07.mov,7,0.03160114922085802,idle,,False
66,sweep_shot_average_07.mov,8,0.03157583382076819,idle,,False
66,sweep_shot_average_07.mov,9,0.035888245735227774,idle,,False
66,sweep_shot_average_07.mov,10,0.039755309364193116,idle,,False
66,sweep_shot_average_07.mov,11,0.03746196829593033,idle,,False
66,sweep_shot_average_07.mov,12,0.050343871015828996,idle,,False
66,sweep_shot_average_07.mov,13,0.06685116454215073,idle,,False
66,sweep_shot_average_07.mov,14,0.07095903168102526,idle,,False
66,sweep_shot_average_07.mov,15,0.07608266443999237,idle,,False
66,sweep_shot_average_07.mov,16,0.11006860175141117,idle,,False
66,sweep_shot_average_07.mov,17,0.14185667006519298,idle,,False
66,sweep_shot_average_07.mov,18,0.18616278093799174,idle,,False
66,sweep_shot_average_07.mov,19,0.2938973175534406,preparation,idle_to_preparation,False
66,sweep_shot_average_07.mov,20,0.32094820556328824,backswing,preparation_to_backswing,False
66,sweep_shot_average_07.mov,21,0.3423484929023631,swing,backswing_to_swing,False
66,sweep_shot_average_07.mov,22,0.35511525853071013,swing,,False
66,sweep_shot_average_07.mov,23,0.36135445780074305,swing,,False
66,sweep_shot_average_07.mov,24,0.2795802375731415,swing,,False
66,sweep_shot_average_07.mov,25,0.3081627124597834,swing,,False
66,sweep_shot_average_07.mov,26,0.4450908580477107,swing,,False
66,sweep_shot_average_07.mov,27,0.4707617122610839,swing,,False
66,sweep_shot_average_07.mov,28,0.5212732810647382,swing,,False
66,sweep_shot_average_07.mov,29,0.5671631658819299,swing,,False
66,sweep_shot_average_07.mov,30,0.5472743495761869,swing,,False
66,sweep_shot_average_07.mov,31,0.40821798815364646,swing,,False
66,sweep_shot_average_07.mov,32,0.5169616838074522,swing,,False
66,sweep_shot_average_07.mov,33,0.5923388030848262,swing,,False
66,sweep_shot_average_07.mov,34,0.708019223934786,swing,,False
66,sweep_shot_average_07.mov,35,0.6802455109442411,swing,,False
66,sweep_shot_average_07.mov,36,0.7324621523002885,swing,,False
66,sweep_shot_average_07.mov,37,0.6180776816834724,swing,,False
66,sweep_shot_average_07.mov,38,0.6004101699699979,swing,,False
66,sweep_shot_average_07.mov,39,0.5019032024399335,swing,,False
66,sweep_shot_average_07.mov,40,0.5895382539749062,swing,,False
66,sweep_shot_average_07.mov,41,0.5720414046758995,swing,,False
66,sweep_shot_average_07.mov,42,0.5465437697582789,swing,,False
66,sweep_shot_average_07.mov,43,0.5032710118561275,swing,,False
66,sweep_shot_average_07.mov,44,0.48217474230953217,swing,,False
66,sweep_shot_average_07.mov,45,0.42200017398358114,swing,,False
66,sweep_shot_average_07.mov,46,0.40189270853270953,swing,,False
66,sweep_shot_average_07.mov,47,0.385171746773921,swing,,False
66,sweep_shot_average_07.mov,48,0.2950351457070927,swing,,False
66,sweep_shot_average_07.mov,49,0.24021710580049133,swing,,False
66,sweep_shot_average_07.mov,50,0.2482581505476582,swing,,False
66,sweep_shot_average_07.mov,51,0.21420704793880257,swing,,False
66,sweep_shot_average_07.mov,52,0.1998119169565824,swing,,False
66,sweep_shot_average_07.mov,53,0.18595544558578336,swing,,False
66,sweep_shot_average_07.mov,54,0.1846838442797816,swing,,False
66,sweep_shot_average_07.mov,55,0.14644005072966781,follow_through,swing_to_follow_through,False
66,sweep_shot_average_07.mov,56,0.11852094994025146,follow_through,,False
66,sweep_shot_average_07.mov,57,0.1056325119645907,follow_through,,False
66,sweep_shot_average_07.mov,58,0.08667921776673762,follow_through,,False
66,sweep_shot_average_07.mov,59,0.07848545980489437,completed,follow_through_to_completed,True
67,sweep_shot_average_08.mov,0,0.0549077623308685,idle,,False
67,sweep_shot_average_08.mov,1,0.0690700714113638,idle,,False
67,sweep_shot_average_08.mov,2,0.09815275275859414,idle,,False
67,sweep_shot_average_08.mov,3,0.13331077045800901,idle,,False
67,sweep_shot_average_08.mov,4,0.15513191376371088,idle,,False
67,sweep_shot_average_08.mov,5,0.1769786016629702,idle,,False
67,sweep_shot_average_08.mov,6,0.19045843285169933,idle,,False
67,sweep_shot_average_08.mov,7,0.20404813056819476,idle,,False
67,sweep_shot_average_08.mov,8,0.20656754659782756,idle,,False
67,sweep_shot_average_08.mov,9,0.22094797813976225,idle,,False
67,sweep_shot_average_08.mov,10,0.23111253845935906,idle,,False
67,sweep_shot_average_08.mov,11,0.21964808020424167,idle,,False
67,sweep_shot_average_08.mov,12,0.208591046459633,idle,,False
67,sweep_shot_average_08.mov,13,0.18095275095721033,idle,,False
67,sweep_shot_average_08.mov,14,0.1318023749460759,idle,,False
67,sweep_shot_average_08.mov,15,0.11002291731842925,idle,,False
67,sweep_shot_average_08.mov,16,0.14049297643193212,idle,,False
67,sweep_shot_average_08.mov,17,0.1602320063355533,idle,,False
67,sweep_shot_average_08.mov,18,0.2553230948151108,idle,,False
67,sweep_shot_average_08.mov,19,0.3101426445677746,preparation,idle_to_preparation,False
67,sweep_shot_average_08.mov,20,0.3752165024323236,backswing,preparation_to_backswing,False
67,sweep_shot_average_08.mov,21,0.44724055165981375,swing,backswing_to_swing,False
67,sweep_shot_average_08.mov,22,0.5829684947920956,swing,,False
67,sweep_shot_average_08.mov,23,0.5331932938426901,swing,,False
67,sweep_shot_average_08.mov,24,0.5175905540411891,swing,,False
67,sweep_shot_average_08.mov,25,0.591387351821603,swing,,False
67,sweep_shot_average_08.mov,26,0.5526515244297333,swing,,False
67,sweep_shot_average_08.mov,27,0.5655692060747132,swing,,False
67,sweep_shot_average_08.mov,28,0.6707984087518716,swing,,False
67,sweep_shot_average_08.mov,29,0.740665407708109,swing,,False
67,sweep_shot_average_08.mov,30,0.661752937625552,swing,,False
67,sweep_shot_average_08.mov,31,0.7796960509248028,swing,,False
67,sweep_shot_average_08.mov,32,0.7204949832628499,swing,,False
67,sweep_shot_average_08.mov,33,0.6583582560845408,swing,,False
67,sweep_shot_average_08.mov,34,0.718120433339331,swing,,False
67,sweep_shot_average_08.mov,35,0.7686742876615336,swing,,False
67,sweep_shot_average_08.mov,36,0.7526222276639418,swing,,False
67,sweep_shot_average_08.mov,37,0.7699085049918954,swing,,False
67,sweep_shot_average_08.mov,38,0.7517089811407583,swing,,False
67,sweep_shot_average_08.mov,39,0.716238688700427,swing,,False
67,sweep_shot_average_08.mov,40,0.7846899108950482,swing,,False
67,sweep_shot_average_08.mov,41,0.6521247419252489,swing,,False
67,sweep_shot_average_08.mov,42,0.5776070413470321,swing,,False
67,sweep_shot_average_08.mov,43,0.6364123476416632,swing,,False
67,sweep_shot_average_08.mov,44,0.5491440121945395,swing,,False
67,sweep_shot_average_08.mov,45,0.49708352358376545,swing,,False
67,sweep_shot_average_08.mov,46,0.602834360767931,swing,,False
67,sweep_shot_average_08.mov,47,0.5910550598976627,swing,,False
67,sweep_shot_average_08.mov,48,0.5783075820328646,swing,,False
67,sweep_shot_average_08.mov,49,0.5290243465494954,swing,,False
67,sweep_shot_average_08.mov,50,0.46615233221698876,swing,,False
67,sweep_shot_average_08.mov,51,0.35507887736453597,swing,,False
67,sweep_shot_average_08.mov,52,0.37420787308845893,swing,,False
67,sweep_shot_average_08.mov,53,0.29002402230053564,swing,,False
67,sweep_shot_average_08.mov,54,0.29862715643831117,swing,,False
67,sweep_shot_average_08.mov,55,0.26625224104561684,swing,,False
67,sweep_shot_average_08.mov,56,0.2631996957164179,swing,,False
67,sweep_shot_average_08.mov,57,0.2120401646123895,swing,,False
67,sweep_shot_average_08.mov,58,0.20967588240340065,swing,,False
67,sweep_shot_average_08.mov,59,0.21285228447385973,swing,,False
67,sweep_shot_average_08.mov,59,0.21285228447385973,completed,sequence_end_to_completed,True
68,sweep_shot_bad_01.mov,0,0.21598691325599287,idle,,False
68,sweep_shot_bad_01.mov,1,0.3301390093156316,preparation,idle_to_preparation,False
68,sweep_shot_bad_01.mov,2,0.35808267896513307,backswing,preparation_to_backswing,False
68,sweep_shot_bad_01.mov,3,0.3772339703326799,swing,backswing_to_swing,False
68,sweep_shot_bad_01.mov,4,0.32032960957865186,swing,,False
68,sweep_shot_bad_01.mov,5,0.21611037940480185,swing,,False
68,sweep_shot_bad_01.mov,6,0.11144735930689714,follow_through,swing_to_follow_through,False
68,sweep_shot_bad_01.mov,7,0.12579801638112703,follow_through,,False
68,sweep_shot_bad_01.mov,8,0.13095911448874867,follow_through,,False
68,sweep_shot_bad_01.mov,9,0.12323091805138355,follow_through,,False
68,sweep_shot_bad_01.mov,10,0.15787291446621057,follow_through,,False
68,sweep_shot_bad_01.mov,11,0.2858120974761112,follow_through,,False
68,sweep_shot_bad_01.mov,12,0.3320318844934338,follow_through,,False
68,sweep_shot_bad_01.mov,13,0.381885433469696,follow_through,,False
68,sweep_shot_bad_01.mov,14,0.4760980127865801,follow_through,,False
68,sweep_shot_bad_01.mov,15,0.5409172928551463,follow_through,,False
68,sweep_shot_bad_01.mov,16,0.46095064950014397,follow_through,,False
68,sweep_shot_bad_01.mov,17,0.4103238330127633,follow_through,,False
68,sweep_shot_bad_01.mov,18,0.4959440827247891,follow_through,,False
68,sweep_shot_bad_01.mov,19,0.5084697456935374,follow_through,,False
68,sweep_shot_bad_01.mov,20,0.5255340964348035,follow_through,,False
68,sweep_shot_bad_01.mov,21,0.5823720888451712,follow_through,,False
68,sweep_shot_bad_01.mov,22,0.665443922075046,follow_through,,False
68,sweep_shot_bad_01.mov,23,0.6373226416663716,follow_through,,False
68,sweep_shot_bad_01.mov,24,0.7032657593103568,follow_through,,False
68,sweep_shot_bad_01.mov,25,0.7669236462653302,follow_through,,False
68,sweep_shot_bad_01.mov,26,0.8526240382383301,follow_through,,False
68,sweep_shot_bad_01.mov,27,0.8314867261087661,follow_through,,False
68,sweep_shot_bad_01.mov,28,0.7565985488465863,follow_through,,False
68,sweep_shot_bad_01.mov,29,0.6315557084285154,follow_through,,False
68,sweep_shot_bad_01.mov,30,0.4665945937564084,follow_through,,False
68,sweep_shot_bad_01.mov,31,0.34020606821191335,follow_through,,False
68,sweep_shot_bad_01.mov,32,0.4396747424793886,follow_through,,False
68,sweep_shot_bad_01.mov,33,0.4453084518325268,follow_through,,False
68,sweep_shot_bad_01.mov,34,0.43783281379593997,follow_through,,False
68,sweep_shot_bad_01.mov,35,0.4862943706444565,follow_through,,False
68,sweep_shot_bad_01.mov,36,0.4905604424781927,follow_through,,False
68,sweep_shot_bad_01.mov,37,0.43346605428488205,follow_through,,False
68,sweep_shot_bad_01.mov,38,0.42682378549621397,follow_through,,False
68,sweep_shot_bad_01.mov,39,0.4491443215048373,follow_through,,False
68,sweep_shot_bad_01.mov,40,0.45645751236602333,follow_through,,False
68,sweep_shot_bad_01.mov,41,0.47487128864679734,follow_through,,False
68,sweep_shot_bad_01.mov,42,0.4110928398780275,follow_through,,False
68,sweep_shot_bad_01.mov,43,0.43122566597455997,follow_through,,False
68,sweep_shot_bad_01.mov,44,0.4207965604071607,follow_through,,False
68,sweep_shot_bad_01.mov,45,0.5187935693608168,follow_through,,False
68,sweep_shot_bad_01.mov,46,0.45268172357141945,follow_through,,False
68,sweep_shot_bad_01.mov,47,0.463125635997047,follow_through,,False
68,sweep_shot_bad_01.mov,48,0.4783044714740126,follow_through,,False
68,sweep_shot_bad_01.mov,49,0.5359225587601368,follow_through,,False
68,sweep_shot_bad_01.mov,50,0.4494258820989956,follow_through,,False
68,sweep_shot_bad_01.mov,51,0.49419441939326,follow_through,,False
68,sweep_shot_bad_01.mov,52,0.4725642771465427,follow_through,,False
68,sweep_shot_bad_01.mov,53,0.4139230587246799,follow_through,,False
68,sweep_shot_bad_01.mov,54,0.3420968643771255,follow_through,,False
68,sweep_shot_bad_01.mov,55,0.26253422881084604,follow_through,,False
68,sweep_shot_bad_01.mov,56,0.21395431863100525,follow_through,,False
68,sweep_shot_bad_01.mov,57,0.179477248156837,follow_through,,False
68,sweep_shot_bad_01.mov,58,0.17979298931225013,follow_through,,False
68,sweep_shot_bad_01.mov,59,0.1473824997512347,follow_through,,False
68,sweep_shot_bad_01.mov,59,0.1473824997512347,completed,sequence_end_to_completed,True
69,sweep_shot_bad_02.mov,0,0.029892019510253737,idle,,False
69,sweep_shot_bad_02.mov,1,0.03810704565532647,idle,,False
69,sweep_shot_bad_02.mov,2,0.0439792985761183,idle,,False
69,sweep_shot_bad_02.mov,3,0.05847473069393127,idle,,False
69,sweep_shot_bad_02.mov,4,0.06221031525259146,idle,,False
69,sweep_shot_bad_02.mov,5,0.06047280952369497,idle,,False
69,sweep_shot_bad_02.mov,6,0.07614823340777271,idle,,False
69,sweep_shot_bad_02.mov,7,0.08432139125210666,idle,,False
69,sweep_shot_bad_02.mov,8,0.0943194506970217,idle,,False
69,sweep_shot_bad_02.mov,9,0.09030240732964058,idle,,False
69,sweep_shot_bad_02.mov,10,0.08913524462308414,idle,,False
69,sweep_shot_bad_02.mov,11,0.08272275578208678,idle,,False
69,sweep_shot_bad_02.mov,12,0.10031464922414689,idle,,False
69,sweep_shot_bad_02.mov,13,0.13056659217008418,idle,,False
69,sweep_shot_bad_02.mov,14,0.14170604492285707,idle,,False
69,sweep_shot_bad_02.mov,15,0.18804993937807155,idle,,False
69,sweep_shot_bad_02.mov,16,0.2090754974992043,idle,,False
69,sweep_shot_bad_02.mov,17,0.2038316551588577,idle,,False
69,sweep_shot_bad_02.mov,18,0.21441965922438241,idle,,False
69,sweep_shot_bad_02.mov,19,0.27905404642372006,idle,,False
69,sweep_shot_bad_02.mov,20,0.2635608335649682,idle,,False
69,sweep_shot_bad_02.mov,21,0.28428325898178486,preparation,idle_to_preparation,False
69,sweep_shot_bad_02.mov,22,0.30175498087113534,backswing,preparation_to_backswing,False
69,sweep_shot_bad_02.mov,23,0.2931571771378247,swing,backswing_to_swing,False
69,sweep_shot_bad_02.mov,24,0.3034521776529982,swing,,False
69,sweep_shot_bad_02.mov,25,0.3672949167409292,swing,,False
69,sweep_shot_bad_02.mov,26,0.4333518357748785,swing,,False
69,sweep_shot_bad_02.mov,27,0.48918043218526425,swing,,False
69,sweep_shot_bad_02.mov,28,0.632444797344385,swing,,False
69,sweep_shot_bad_02.mov,29,0.6235974689745497,swing,,False
69,sweep_shot_bad_02.mov,30,0.6007695160889093,swing,,False
69,sweep_shot_bad_02.mov,31,0.6722550096646683,swing,,False
69,sweep_shot_bad_02.mov,32,0.6996512360806079,swing,,False
69,sweep_shot_bad_02.mov,33,0.5721133872537102,swing,,False
69,sweep_shot_bad_02.mov,34,0.6805284654786101,swing,,False
69,sweep_shot_bad_02.mov,35,0.6889093550481541,swing,,False
69,sweep_shot_bad_02.mov,36,0.5872426579793514,swing,,False
69,sweep_shot_bad_02.mov,37,0.5233834339080851,swing,,False
69,sweep_shot_bad_02.mov,38,0.6509212827349826,swing,,False
69,sweep_shot_bad_02.mov,39,0.5700644378556289,swing,,False
69,sweep_shot_bad_02.mov,40,0.5998914486496856,swing,,False
69,sweep_shot_bad_02.mov,41,0.5987011514075787,swing,,False
69,sweep_shot_bad_02.mov,42,0.6010976489105702,swing,,False
69,sweep_shot_bad_02.mov,43,0.46115506754290037,swing,,False
69,sweep_shot_bad_02.mov,44,0.4218149681093778,swing,,False
69,sweep_shot_bad_02.mov,45,0.3375051337279776,swing,,False
69,sweep_shot_bad_02.mov,46,0.2882767432658036,swing,,False
69,sweep_shot_bad_02.mov,47,0.26014435807533376,swing,,False
69,sweep_shot_bad_02.mov,48,0.23609770339686226,swing,,False
69,sweep_shot_bad_02.mov,49,0.21890064144274282,swing,,False
69,sweep_shot_bad_02.mov,50,0.24002674031031432,swing,,False
69,sweep_shot_bad_02.mov,51,0.363008817445823,swing,,False
69,sweep_shot_bad_02.mov,52,0.3755061835361581,swing,,False
69,sweep_shot_bad_02.mov,53,0.39889340731070183,swing,,False
69,sweep_shot_bad_02.mov,54,0.400940080203004,swing,,False
69,sweep_shot_bad_02.mov,55,0.3836923362846255,swing,,False
69,sweep_shot_bad_02.mov,56,0.2655121050071689,swing,,False
69,sweep_shot_bad_02.mov,57,0.25197268950685375,swing,,False
69,sweep_shot_bad_02.mov,58,0.22902754719224153,swing,,False
69,sweep_shot_bad_02.mov,59,0.20082772598072535,swing,,False
69,sweep_shot_bad_02.mov,59,0.20082772598072535,completed,sequence_end_to_completed,True
70,sweep_shot_bad_03.mov,0,0.1640199022745477,idle,,False
70,sweep_shot_bad_03.mov,1,0.21387410177432148,idle,,False
70,sweep_shot_bad_03.mov,2,0.28438130480673396,preparation,idle_to_preparation,False
70,sweep_shot_bad_03.mov,3,0.3016326960710528,backswing,preparation_to_backswing,False
70,sweep_shot_bad_03.mov,4,0.3185218193396211,swing,backswing_to_swing,False
70,sweep_shot_bad_03.mov,5,0.2690089954402666,swing,,False
70,sweep_shot_bad_03.mov,6,0.25092370879832115,swing,,False
70,sweep_shot_bad_03.mov,7,0.23146609178013447,swing,,False
70,sweep_shot_bad_03.mov,8,0.24022343672330304,swing,,False
70,sweep_shot_bad_03.mov,9,0.2039373241740891,swing,,False
70,sweep_shot_bad_03.mov,10,0.18242263337050468,swing,,False
70,sweep_shot_bad_03.mov,11,0.19866345031688132,swing,,False
70,sweep_shot_bad_03.mov,12,0.19105322035251746,swing,,False
70,sweep_shot_bad_03.mov,13,0.2630006109199396,swing,,False
70,sweep_shot_bad_03.mov,14,0.27924593163918915,swing,,False
70,sweep_shot_bad_03.mov,15,0.42048917285872517,swing,,False
70,sweep_shot_bad_03.mov,16,0.5309281320877618,swing,,False
70,sweep_shot_bad_03.mov,17,0.6874887760378998,swing,,False
70,sweep_shot_bad_03.mov,18,0.6526273113922006,swing,,False
70,sweep_shot_bad_03.mov,19,0.7621439223293023,swing,,False
70,sweep_shot_bad_03.mov,20,0.6438456339675755,swing,,False
70,sweep_shot_bad_03.mov,21,0.5864567394317799,swing,,False
70,sweep_shot_bad_03.mov,22,0.44565905349911183,swing,,False
70,sweep_shot_bad_03.mov,23,0.46529840030166086,swing,,False
70,sweep_shot_bad_03.mov,24,0.49395214654303105,swing,,False
70,sweep_shot_bad_03.mov,25,0.562809691102711,swing,,False
70,sweep_shot_bad_03.mov,26,0.5168179771819909,swing,,False
70,sweep_shot_bad_03.mov,27,0.5730291968179086,swing,,False
70,sweep_shot_bad_03.mov,28,0.5508658323906659,swing,,False
70,sweep_shot_bad_03.mov,29,0.48378437610573377,swing,,False
70,sweep_shot_bad_03.mov,30,0.47734345892559804,swing,,False
70,sweep_shot_bad_03.mov,31,0.6117777967310529,swing,,False
70,sweep_shot_bad_03.mov,32,0.6963642630278033,swing,,False
70,sweep_shot_bad_03.mov,33,0.7202091018853154,swing,,False
70,sweep_shot_bad_03.mov,34,0.6633319162483399,swing,,False
70,sweep_shot_bad_03.mov,35,0.7104279367746021,swing,,False
70,sweep_shot_bad_03.mov,36,0.5834595666474156,swing,,False
70,sweep_shot_bad_03.mov,37,0.5401492209271522,swing,,False
70,sweep_shot_bad_03.mov,38,0.5932656970137119,swing,,False
70,sweep_shot_bad_03.mov,39,0.5870350561816383,swing,,False
70,sweep_shot_bad_03.mov,40,0.4965758656516593,swing,,False
70,sweep_shot_bad_03.mov,41,0.5187792944720734,swing,,False
70,sweep_shot_bad_03.mov,42,0.41345606072979024,swing,,False
70,sweep_shot_bad_03.mov,43,0.36039135291421315,swing,,False
70,sweep_shot_bad_03.mov,44,0.39630802376441476,swing,,False
70,sweep_shot_bad_03.mov,45,0.37879002331238376,swing,,False
70,sweep_shot_bad_03.mov,46,0.4334465253756784,swing,,False
70,sweep_shot_bad_03.mov,47,0.5805156243593184,swing,,False
70,sweep_shot_bad_03.mov,48,0.5697000869942832,swing,,False
70,sweep_shot_bad_03.mov,49,0.5540912229213747,swing,,False
70,sweep_shot_bad_03.mov,50,0.6327968609543522,swing,,False
70,sweep_shot_bad_03.mov,51,0.6039094312569144,swing,,False
70,sweep_shot_bad_03.mov,52,0.4622588216150239,swing,,False
70,sweep_shot_bad_03.mov,53,0.4457670010905074,swing,,False
70,sweep_shot_bad_03.mov,54,0.3886968639728014,swing,,False
70,sweep_shot_bad_03.mov,55,0.31409520698754956,swing,,False
70,sweep_shot_bad_03.mov,56,0.2547537258106119,swing,,False
70,sweep_shot_bad_03.mov,57,0.2867655024973694,swing,,False
70,sweep_shot_bad_03.mov,58,0.31840229531987,swing,,False
70,sweep_shot_bad_03.mov,59,0.37415059498022474,swing,,False
70,sweep_shot_bad_03.mov,59,0.37415059498022474,completed,sequence_end_to_completed,True
71,sweep_shot_bad_04.mov,0,0.02810460833587165,idle,,False
71,sweep_shot_bad_04.mov,1,0.09317656486851465,idle,,False
71,sweep_shot_bad_04.mov,2,0.11172917030775094,idle,,False
71,sweep_shot_bad_04.mov,3,0.18133744212593064,idle,,False
71,sweep_shot_bad_04.mov,4,0.1841347084591008,idle,,False
71,sweep_shot_bad_04.mov,5,0.19832791323662033,idle,,False
71,sweep_shot_bad_04.mov,6,0.17002295269234943,idle,,False
71,sweep_shot_bad_04.mov,7,0.1774890244025252,idle,,False
71,sweep_shot_bad_04.mov,8,0.1320977836673486,idle,,False
71,sweep_shot_bad_04.mov,9,0.1253255779312125,idle,,False
71,sweep_shot_bad_04.mov,10,0.13527543058069602,idle,,False
71,sweep_shot_bad_04.mov,11,0.11629611310113039,idle,,False
71,sweep_shot_bad_04.mov,12,0.10094703420842994,idle,,False
71,sweep_shot_bad_04.mov,13,0.11228182764785363,idle,,False
71,sweep_shot_bad_04.mov,14,0.13187505521988066,idle,,False
71,sweep_shot_bad_04.mov,15,0.13304295446196848,idle,,False
71,sweep_shot_bad_04.mov,16,0.16079069868493281,idle,,False
71,sweep_shot_bad_04.mov,17,0.1924276365089644,idle,,False
71,sweep_shot_bad_04.mov,18,0.23535574860850317,idle,,False
71,sweep_shot_bad_04.mov,19,0.25784757558943605,idle,,False
71,sweep_shot_bad_04.mov,20,0.3229398509605864,preparation,idle_to_preparation,False
71,sweep_shot_bad_04.mov,21,0.33233928370266275,backswing,preparation_to_backswing,False
71,sweep_shot_bad_04.mov,22,0.47141685482170503,swing,backswing_to_swing,False
71,sweep_shot_bad_04.mov,23,0.5054721004002157,swing,,False
71,sweep_shot_bad_04.mov,24,0.6453583506914158,swing,,False
71,sweep_shot_bad_04.mov,25,0.7211389199891474,swing,,False
71,sweep_shot_bad_04.mov,26,0.8217257674857399,swing,,False
71,sweep_shot_bad_04.mov,27,0.8403416602859544,swing,,False
71,sweep_shot_bad_04.mov,28,0.8148173307099482,swing,,False
71,sweep_shot_bad_04.mov,29,0.7201115270254428,swing,,False
71,sweep_shot_bad_04.mov,30,0.5977956199416825,swing,,False
71,sweep_shot_bad_04.mov,31,0.5177390231610047,swing,,False
71,sweep_shot_bad_04.mov,32,0.46309761074026423,swing,,False
71,sweep_shot_bad_04.mov,33,0.49756232720776444,swing,,False
71,sweep_shot_bad_04.mov,34,0.5939987786835208,swing,,False
71,sweep_shot_bad_04.mov,35,0.6199102592167566,swing,,False
71,sweep_shot_bad_04.mov,36,0.7444451530269947,swing,,False
71,sweep_shot_bad_04.mov,37,0.6851301309369701,swing,,False
71,sweep_shot_bad_04.mov,38,0.6809819375915847,swing,,False
71,sweep_shot_bad_04.mov,39,0.5773963487844369,swing,,False
71,sweep_shot_bad_04.mov,40,0.6336159675172294,swing,,False
71,sweep_shot_bad_04.mov,41,0.6052865378053777,swing,,False
71,sweep_shot_bad_04.mov,42,0.5791971775061086,swing,,False
71,sweep_shot_bad_04.mov,43,0.5706340358276528,swing,,False
71,sweep_shot_bad_04.mov,44,0.5605926649082077,swing,,False
71,sweep_shot_bad_04.mov,45,0.5638494118135325,swing,,False
71,sweep_shot_bad_04.mov,46,0.4438224020134278,swing,,False
71,sweep_shot_bad_04.mov,47,0.42399042254689934,swing,,False
71,sweep_shot_bad_04.mov,48,0.3934643096477169,swing,,False
71,sweep_shot_bad_04.mov,49,0.3632817733089183,swing,,False
71,sweep_shot_bad_04.mov,50,0.2773789537989666,swing,,False
71,sweep_shot_bad_04.mov,51,0.26615154914557304,swing,,False
71,sweep_shot_bad_04.mov,52,0.3033028112879804,swing,,False
71,sweep_shot_bad_04.mov,53,0.24662916677061347,swing,,False
71,sweep_shot_bad_04.mov,54,0.23254331370901013,swing,,False
71,sweep_shot_bad_04.mov,55,0.2896944456190723,swing,,False
71,sweep_shot_bad_04.mov,56,0.2868055129248774,swing,,False
71,sweep_shot_bad_04.mov,57,0.2522150188681115,swing,,False
71,sweep_shot_bad_04.mov,58,0.27333353602561034,swing,,False
71,sweep_shot_bad_04.mov,59,0.27391187896168395,swing,,False
71,sweep_shot_bad_04.mov,59,0.27391187896168395,completed,sequence_end_to_completed,True
72,sweep_shot_good_01.mov,0,0.16604739919436262,idle,,False
72,sweep_shot_good_01.mov,1,0.21261738153621484,idle,,False
72,sweep_shot_good_01.mov,2,0.24494852766356992,idle,,False
72,sweep_shot_good_01.mov,3,0.29052215349992905,preparation,idle_to_preparation,False
72,sweep_shot_good_01.mov,4,0.3546291161144622,backswing,preparation_to_backswing,False
72,sweep_shot_good_01.mov,5,0.28782785349907364,swing,backswing_to_swing,False
72,sweep_shot_good_01.mov,6,0.28004448328161957,swing,,False
72,sweep_shot_good_01.mov,7,0.28312376058099187,swing,,False
72,sweep_shot_good_01.mov,8,0.29103063811187246,swing,,False
72,sweep_shot_good_01.mov,9,0.24227260163336276,swing,,False
72,sweep_shot_good_01.mov,10,0.19021344068281482,swing,,False
72,sweep_shot_good_01.mov,11,0.21036649228584942,swing,,False
72,sweep_shot_good_01.mov,12,0.23932260480909578,swing,,False
72,sweep_shot_good_01.mov,13,0.21306414894406983,swing,,False
72,sweep_shot_good_01.mov,14,0.24809663768165438,swing,,False
72,sweep_shot_good_01.mov,15,0.30890666328100563,swing,,False
72,sweep_shot_good_01.mov,16,0.3532922752075827,swing,,False
72,sweep_shot_good_01.mov,17,0.34843141375019,swing,,False
72,sweep_shot_good_01.mov,18,0.4598524614709402,swing,,False
72,sweep_shot_good_01.mov,19,0.5829134873355808,swing,,False
72,sweep_shot_good_01.mov,20,0.6246510994600512,swing,,False
72,sweep_shot_good_01.mov,21,0.6996201966572981,swing,,False
72,sweep_shot_good_01.mov,22,0.840114522164717,swing,,False
72,sweep_shot_good_01.mov,23,0.8955967282855355,swing,,False
72,sweep_shot_good_01.mov,24,0.8366114990518424,swing,,False
72,sweep_shot_good_01.mov,25,0.8190963890144181,swing,,False
72,sweep_shot_good_01.mov,26,0.7184913385155371,swing,,False
72,sweep_shot_good_01.mov,27,0.6920389944758794,swing,,False
72,sweep_shot_good_01.mov,28,0.6205141968456729,swing,,False
72,sweep_shot_good_01.mov,29,0.679499426079366,swing,,False
72,sweep_shot_good_01.mov,30,0.6726919730101231,swing,,False
72,sweep_shot_good_01.mov,31,0.7120710384557806,swing,,False
72,sweep_shot_good_01.mov,32,0.5765479327134293,swing,,False
72,sweep_shot_good_01.mov,33,0.5441516501473451,swing,,False
72,sweep_shot_good_01.mov,34,0.4042442577599057,swing,,False
72,sweep_shot_good_01.mov,35,0.41349856756903686,swing,,False
72,sweep_shot_good_01.mov,36,0.330754100529867,swing,,False
72,sweep_shot_good_01.mov,37,0.40663461550055224,swing,,False
72,sweep_shot_good_01.mov,38,0.39710105460885337,swing,,False
72,sweep_shot_good_01.mov,39,0.3744446477822785,swing,,False
72,sweep_shot_good_01.mov,40,0.3092935768842781,swing,,False
72,sweep_shot_good_01.mov,41,0.47357557576859566,swing,,False
72,sweep_shot_good_01.mov,42,0.4179985718500258,swing,,False
72,sweep_shot_good_01.mov,43,0.4086789854092209,swing,,False
72,sweep_shot_good_01.mov,44,0.48731433515101025,swing,,False
72,sweep_shot_good_01.mov,45,0.5942191473387437,swing,,False
72,sweep_shot_good_01.mov,46,0.4827735774135583,swing,,False
72,sweep_shot_good_01.mov,47,0.522128495894078,swing,,False
72,sweep_shot_good_01.mov,48,0.5729096616835224,swing,,False
72,sweep_shot_good_01.mov,49,0.5558730216785314,swing,,False
72,sweep_shot_good_01.mov,50,0.4333190139303174,swing,,False
72,sweep_shot_good_01.mov,51,0.4152673243439099,swing,,False
72,sweep_shot_good_01.mov,52,0.3716325545908769,swing,,False
72,sweep_shot_good_01.mov,53,0.28590387067725304,swing,,False
72,sweep_shot_good_01.mov,54,0.23666553645790964,swing,,False
72,sweep_shot_good_01.mov,55,0.24618498431921726,swing,,False
72,sweep_shot_good_01.mov,56,0.24122630315171778,swing,,False
72,sweep_shot_good_01.mov,57,0.24409122792839133,swing,,False
72,sweep_shot_good_01.mov,58,0.2646008070118495,swing,,False
72,sweep_shot_good_01.mov,59,0.2717173654826756,swing,,False
72,sweep_shot_good_01.mov,59,0.2717173654826756,completed,sequence_end_to_completed,True
73,sweep_shot_good_02.mov,0,0.18497474839927538,idle,,False
73,sweep_shot_good_02.mov,1,0.23814976740966337,idle,,False
73,sweep_shot_good_02.mov,2,0.274855464536577,idle,,False
73,sweep_shot_good_02.mov,3,0.28947055079833006,preparation,idle_to_preparation,False
73,sweep_shot_good_02.mov,4,0.23463716859028144,backswing,preparation_to_backswing,False
73,sweep_shot_good_02.mov,5,0.18930296260174365,backswing,,False
73,sweep_shot_good_02.mov,6,0.26329010095232513,backswing,,False
73,sweep_shot_good_02.mov,7,0.3185501086198628,swing,backswing_to_swing,False
73,sweep_shot_good_02.mov,8,0.5039350223581098,swing,,False
73,sweep_shot_good_02.mov,9,0.5717349113884709,swing,,False
73,sweep_shot_good_02.mov,10,0.6215151988885129,swing,,False
73,sweep_shot_good_02.mov,11,0.6026243184010954,swing,,False
73,sweep_shot_good_02.mov,12,0.6905499362640442,swing,,False
73,sweep_shot_good_02.mov,13,0.5687343437744474,swing,,False
73,sweep_shot_good_02.mov,14,0.48475456647580795,swing,,False
73,sweep_shot_good_02.mov,15,0.44303595753947805,swing,,False
73,sweep_shot_good_02.mov,16,0.3597229153975843,swing,,False
73,sweep_shot_good_02.mov,17,0.34577102089574346,swing,,False
73,sweep_shot_good_02.mov,18,0.31150343014887716,swing,,False
73,sweep_shot_good_02.mov,19,0.3264968090225271,swing,,False
73,sweep_shot_good_02.mov,20,0.40049251843509104,swing,,False
73,sweep_shot_good_02.mov,21,0.5183944488825616,swing,,False
73,sweep_shot_good_02.mov,22,0.41264634749912227,swing,,False
73,sweep_shot_good_02.mov,23,0.4398924779971328,swing,,False
73,sweep_shot_good_02.mov,24,0.4767349982088772,swing,,False
73,sweep_shot_good_02.mov,25,0.42874978560554566,swing,,False
73,sweep_shot_good_02.mov,26,0.3555055404770419,swing,,False
73,sweep_shot_good_02.mov,27,0.32554458609234505,swing,,False
73,sweep_shot_good_02.mov,28,0.38948118477948784,swing,,False
73,sweep_shot_good_02.mov,29,0.5063436072454727,swing,,False
73,sweep_shot_good_02.mov,30,0.5863325992349295,swing,,False
73,sweep_shot_good_02.mov,31,0.6475610444188878,swing,,False
73,sweep_shot_good_02.mov,32,0.7567611830931549,swing,,False
73,sweep_shot_good_02.mov,33,0.821609839586367,swing,,False
73,sweep_shot_good_02.mov,34,0.7315000084671658,swing,,False
73,sweep_shot_good_02.mov,35,0.7043387217654042,swing,,False
73,sweep_shot_good_02.mov,36,0.7243594288755534,swing,,False
73,sweep_shot_good_02.mov,37,0.7849289178138634,swing,,False
73,sweep_shot_good_02.mov,38,0.6862730589391286,swing,,False
73,sweep_shot_good_02.mov,39,0.7537177015274079,swing,,False
73,sweep_shot_good_02.mov,40,0.662879656138154,swing,,False
73,sweep_shot_good_02.mov,41,0.5408243711418953,swing,,False
73,sweep_shot_good_02.mov,42,0.3929684714044555,swing,,False
73,sweep_shot_good_02.mov,43,0.4412473706183241,swing,,False
73,sweep_shot_good_02.mov,44,0.42543649025491254,swing,,False
73,sweep_shot_good_02.mov,45,0.5072569722930181,swing,,False
73,sweep_shot_good_02.mov,46,0.5943385291414779,swing,,False
73,sweep_shot_good_02.mov,47,0.6658347173409067,swing,,False
73,sweep_shot_good_02.mov,48,0.5881395276698087,swing,,False
73,sweep_shot_good_02.mov,49,0.46167743320800525,swing,,False
73,sweep_shot_good_02.mov,50,0.45425067326796736,swing,,False
73,sweep_shot_good_02.mov,51,0.4604318295237022,swing,,False
73,sweep_shot_good_02.mov,52,0.3937079031150315,swing,,False
73,sweep_shot_good_02.mov,53,0.35269737129616113,swing,,False
73,sweep_shot_good_02.mov,54,0.3350854736309058,swing,,False
73,sweep_shot_good_02.mov,55,0.2572792367035908,swing,,False
73,sweep_shot_good_02.mov,56,0.15269867711004517,follow_through,swing_to_follow_through,False
73,sweep_shot_good_02.mov,57,0.15157328875241152,follow_through,,False
73,sweep_shot_good_02.mov,58,0.17649874115702824,follow_through,,False
73,sweep_shot_good_02.mov,59,0.21483977587410544,follow_through,,False
73,sweep_shot_good_02.mov,59,0.21483977587410544,completed,sequence_end_to_completed,True
74,sweep_shot_good_03.mov,0,0.060726864227027416,idle,,False
74,sweep_shot_good_03.mov,1,0.08887209522569244,idle,,False
74,sweep_shot_good_03.mov,2,0.09944291336695069,idle,,False
74,sweep_shot_good_03.mov,3,0.133036207066339,idle,,False
74,sweep_shot_good_03.mov,4,0.1159328623673809,idle,,False
74,sweep_shot_good_03.mov,5,0.136003709450461,idle,,False
74,sweep_shot_good_03.mov,6,0.13322745938306296,idle,,False
74,sweep_shot_good_03.mov,7,0.1456072432048616,idle,,False
74,sweep_shot_good_03.mov,8,0.12541735761357523,idle,,False
74,sweep_shot_good_03.mov,9,0.11926039735215498,idle,,False
74,sweep_shot_good_03.mov,10,0.07183807435859534,idle,,False
74,sweep_shot_good_03.mov,11,0.07664250136393214,idle,,False
74,sweep_shot_good_03.mov,12,0.07683113505760755,idle,,False
74,sweep_shot_good_03.mov,13,0.12810736555773022,idle,,False
74,sweep_shot_good_03.mov,14,0.18044563235386613,idle,,False
74,sweep_shot_good_03.mov,15,0.2839715878424878,preparation,idle_to_preparation,False
74,sweep_shot_good_03.mov,16,0.33285139859261714,backswing,preparation_to_backswing,False
74,sweep_shot_good_03.mov,17,0.4333874003179875,swing,backswing_to_swing,False
74,sweep_shot_good_03.mov,18,0.41920570885485053,swing,,False
74,sweep_shot_good_03.mov,19,0.5253199291829352,swing,,False
74,sweep_shot_good_03.mov,20,0.587250337071504,swing,,False
74,sweep_shot_good_03.mov,21,0.604036539014984,swing,,False
74,sweep_shot_good_03.mov,22,0.5694027394797871,swing,,False
74,sweep_shot_good_03.mov,23,0.670048378921847,swing,,False
74,sweep_shot_good_03.mov,24,0.634887734277456,swing,,False
74,sweep_shot_good_03.mov,25,0.6144634190248363,swing,,False
74,sweep_shot_good_03.mov,26,0.6227922689258569,swing,,False
74,sweep_shot_good_03.mov,27,0.6284135403078976,swing,,False
74,sweep_shot_good_03.mov,28,0.5300070892227203,swing,,False
74,sweep_shot_good_03.mov,29,0.5612148375152928,swing,,False
74,sweep_shot_good_03.mov,30,0.610297115513679,swing,,False
74,sweep_shot_good_03.mov,31,0.7061288449824452,swing,,False
74,sweep_shot_good_03.mov,32,0.7979634632041115,swing,,False
74,sweep_shot_good_03.mov,33,0.7851800069311328,swing,,False
74,sweep_shot_good_03.mov,34,0.6718079732127696,swing,,False
74,sweep_shot_good_03.mov,35,0.6715582909748756,swing,,False
74,sweep_shot_good_03.mov,36,0.5718319321443898,swing,,False
74,sweep_shot_good_03.mov,37,0.5853346046937771,swing,,False
74,sweep_shot_good_03.mov,38,0.6040254573471607,swing,,False
74,sweep_shot_good_03.mov,39,0.6058682071427527,swing,,False
74,sweep_shot_good_03.mov,40,0.5097932784575977,swing,,False
74,sweep_shot_good_03.mov,41,0.47155109477709906,swing,,False
74,sweep_shot_good_03.mov,42,0.4022606795540369,swing,,False
74,sweep_shot_good_03.mov,43,0.4930672306808118,swing,,False
74,sweep_shot_good_03.mov,44,0.5243753339187246,swing,,False
74,sweep_shot_good_03.mov,45,0.5900124985140183,swing,,False
74,sweep_shot_good_03.mov,46,0.6561478928267639,swing,,False
74,sweep_shot_good_03.mov,47,0.5795391392452344,swing,,False
74,sweep_shot_good_03.mov,48,0.5405275312855189,swing,,False
74,sweep_shot_good_03.mov,49,0.5646296298497618,swing,,False
74,sweep_shot_good_03.mov,50,0.4822331203469675,swing,,False
74,sweep_shot_good_03.mov,51,0.466949076181351,swing,,False
74,sweep_shot_good_03.mov,52,0.4933594185459965,swing,,False
74,sweep_shot_good_03.mov,53,0.4811886396854755,swing,,False
74,sweep_shot_good_03.mov,54,0.4330022306213965,swing,,False
74,sweep_shot_good_03.mov,55,0.43119708108274424,swing,,False
74,sweep_shot_good_03.mov,56,0.3978784779348106,swing,,False
74,sweep_shot_good_03.mov,57,0.3957542056374188,swing,,False
74,sweep_shot_good_03.mov,58,0.37587241071116706,swing,,False
74,sweep_shot_good_03.mov,59,0.39983580290699483,swing,,False
74,sweep_shot_good_03.mov,59,0.39983580290699483,completed,sequence_end_to_completed,True
75,sweep_shot_good_04.mov,0,0.25842236638402966,idle,,False
75,sweep_shot_good_04.mov,1,0.3052153009186197,preparation,idle_to_preparation,False
75,sweep_shot_good_04.mov,2,0.34254293248665785,backswing,preparation_to_backswing,False
75,sweep_shot_good_04.mov,3,0.41960226061610323,swing,backswing_to_swing,False
75,sweep_shot_good_04.mov,4,0.31144251733949413,swing,,False
75,sweep_shot_good_04.mov,5,0.23581769387892984,swing,,False
75,sweep_shot_good_04.mov,6,0.22574375480031927,swing,,False
75,sweep_shot_good_04.mov,7,0.22868389594560581,swing,,False
75,sweep_shot_good_04.mov,8,0.2092369717843356,swing,,False
75,sweep_shot_good_04.mov,9,0.2101658360697676,swing,,False
75,sweep_shot_good_04.mov,10,0.20080709583191478,swing,,False
75,sweep_shot_good_04.mov,11,0.1894661420320744,swing,,False
75,sweep_shot_good_04.mov,12,0.17567639003659777,follow_through,swing_to_follow_through,False
75,sweep_shot_good_04.mov,13,0.14459534785280745,follow_through,,False
75,sweep_shot_good_04.mov,14,0.14484308052237502,follow_through,,False
75,sweep_shot_good_04.mov,15,0.22178864332157566,follow_through,,False
75,sweep_shot_good_04.mov,16,0.37868352207578626,follow_through,,False
75,sweep_shot_good_04.mov,17,0.5144815779284018,follow_through,,False
75,sweep_shot_good_04.mov,18,0.6134039000668096,follow_through,,False
75,sweep_shot_good_04.mov,19,0.7163762486298884,follow_through,,False
75,sweep_shot_good_04.mov,20,0.6752835193557855,follow_through,,False
75,sweep_shot_good_04.mov,21,0.5863267810845725,follow_through,,False
75,sweep_shot_good_04.mov,22,0.6236592025598592,follow_through,,False
75,sweep_shot_good_04.mov,23,0.6694873122635238,follow_through,,False
75,sweep_shot_good_04.mov,24,0.6934884730278957,follow_through,,False
75,sweep_shot_good_04.mov,25,0.7577109859928999,follow_through,,False
75,sweep_shot_good_04.mov,26,0.7444017256531813,follow_through,,False
75,sweep_shot_good_04.mov,27,0.7326335713810489,follow_through,,False
75,sweep_shot_good_04.mov,28,0.7541305692564084,follow_through,,False
75,sweep_shot_good_04.mov,29,0.7513235097860886,follow_through,,False
75,sweep_shot_good_04.mov,30,0.7181069868392356,follow_through,,False
75,sweep_shot_good_04.mov,31,0.8381000650398174,follow_through,,False
75,sweep_shot_good_04.mov,32,0.8005632485310403,follow_through,,False
75,sweep_shot_good_04.mov,33,0.7423545400103996,follow_through,,False
75,sweep_shot_good_04.mov,34,0.7669311910036185,follow_through,,False
75,sweep_shot_good_04.mov,35,0.8848736102460169,follow_through,,False
75,sweep_shot_good_04.mov,36,0.7949829140119461,follow_through,,False
75,sweep_shot_good_04.mov,37,0.7546183203563896,follow_through,,False
75,sweep_shot_good_04.mov,38,0.7384092057933586,follow_through,,False
75,sweep_shot_good_04.mov,39,0.5947619583561163,follow_through,,False
75,sweep_shot_good_04.mov,40,0.43376945270092304,follow_through,,False
75,sweep_shot_good_04.mov,41,0.3945860852770304,follow_through,,False
75,sweep_shot_good_04.mov,42,0.33423841294662743,follow_through,,False
75,sweep_shot_good_04.mov,43,0.3644003951302649,follow_through,,False
75,sweep_shot_good_04.mov,44,0.3809880286393385,follow_through,,False
75,sweep_shot_good_04.mov,45,0.43706009716050287,follow_through,,False
75,sweep_shot_good_04.mov,46,0.4263076583649969,follow_through,,False
75,sweep_shot_good_04.mov,47,0.4734874015611091,follow_through,,False
75,sweep_shot_good_04.mov,48,0.3720975815925449,follow_through,,False
75,sweep_shot_good_04.mov,49,0.40989153132967665,follow_through,,False
75,sweep_shot_good_04.mov,50,0.3621411308586577,follow_through,,False
75,sweep_shot_good_04.mov,51,0.4365464138119936,follow_through,,False
75,sweep_shot_good_04.mov,52,0.37434451495731996,follow_through,,False
75,sweep_shot_good_04.mov,53,0.4316116489921937,follow_through,,False
75,sweep_shot_good_04.mov,54,0.36845477364639756,follow_through,,False
75,sweep_shot_good_04.mov,55,0.36674825205873035,follow_through,,False
75,sweep_shot_good_04.mov,56,0.29383674835313023,follow_through,,False
75,sweep_shot_good_04.mov,57,0.2957005802558334,follow_through,,False
75,sweep_shot_good_04.mov,58,0.22773325311076503,follow_through,,False
75,sweep_shot_good_04.mov,59,0.21658873017062122,follow_through,,False
75,sweep_shot_good_04.mov,59,0.21658873017062122,completed,sequence_end_to_completed,True
76,sweep_shot_good_05.mov,0,0.254316392750909,idle,,False
76,sweep_shot_good_05.mov,1,0.3337336847698509,preparation,idle_to_preparation,False
76,sweep_shot_good_05.mov,2,0.4048076938913069,backswing,preparation_to_backswing,False
76,sweep_shot_good_05.mov,3,0.533991066289605,swing,backswing_to_swing,False
76,sweep_shot_good_05.mov,4,0.5736625991042189,swing,,False
76,sweep_shot_good_05.mov,5,0.4703866021999147,swing,,False
76,sweep_shot_good_05.mov,6,0.42339434248073743,swing,,False
76,sweep_shot_good_05.mov,7,0.5523203333592814,swing,,False
76,sweep_shot_good_05.mov,8,0.5002007735392587,swing,,False
76,sweep_shot_good_05.mov,9,0.4125217448868716,swing,,False
76,sweep_shot_good_05.mov,10,0.45523638096911345,swing,,False
76,sweep_shot_good_05.mov,11,0.5015234888510465,swing,,False
76,sweep_shot_good_05.mov,12,0.3843739764941398,swing,,False
76,sweep_shot_good_05.mov,13,0.3527717286286887,swing,,False
76,sweep_shot_good_05.mov,14,0.31618807764780144,swing,,False
76,sweep_shot_good_05.mov,15,0.2632977233612342,swing,,False
76,sweep_shot_good_05.mov,16,0.31420650635915226,swing,,False
76,sweep_shot_good_05.mov,17,0.2909229929855236,swing,,False
76,sweep_shot_good_05.mov,18,0.40902162030686634,swing,,False
76,sweep_shot_good_05.mov,19,0.5809471576228593,swing,,False
76,sweep_shot_good_05.mov,20,0.6576546952421307,swing,,False
76,sweep_shot_good_05.mov,21,0.7004014646668879,swing,,False
76,sweep_shot_good_05.mov,22,0.8408344903974234,swing,,False
76,sweep_shot_good_05.mov,23,0.8469218260540767,swing,,False
76,sweep_shot_good_05.mov,24,0.8020438702632363,swing,,False
76,sweep_shot_good_05.mov,25,0.8952594098893258,swing,,False
76,sweep_shot_good_05.mov,26,0.9066550968032916,swing,,False
76,sweep_shot_good_05.mov,27,0.8175389118808551,swing,,False
76,sweep_shot_good_05.mov,28,0.7375978685518787,swing,,False
76,sweep_shot_good_05.mov,29,0.7134486760521357,swing,,False
76,sweep_shot_good_05.mov,30,0.5797634435703896,swing,,False
76,sweep_shot_good_05.mov,31,0.4526458597081593,swing,,False
76,sweep_shot_good_05.mov,32,0.42716323883402424,swing,,False
76,sweep_shot_good_05.mov,33,0.42152408068435626,swing,,False
76,sweep_shot_good_05.mov,34,0.40785490315926515,swing,,False
76,sweep_shot_good_05.mov,35,0.4192569366332347,swing,,False
76,sweep_shot_good_05.mov,36,0.40362203081003334,swing,,False
76,sweep_shot_good_05.mov,37,0.34705485925799295,swing,,False
76,sweep_shot_good_05.mov,38,0.28934638792401823,swing,,False
76,sweep_shot_good_05.mov,39,0.1990438823147741,swing,,False
76,sweep_shot_good_05.mov,40,0.155422967927496,follow_through,swing_to_follow_through,False
76,sweep_shot_good_05.mov,41,0.15241493967667322,follow_through,,False
76,sweep_shot_good_05.mov,42,0.16739525519957055,follow_through,,False
76,sweep_shot_good_05.mov,43,0.1741036567547662,follow_through,,False
76,sweep_shot_good_05.mov,44,0.18345013849237288,follow_through,,False
76,sweep_shot_good_05.mov,45,0.17341738859932235,follow_through,,False
76,sweep_shot_good_05.mov,46,0.20786432252096934,follow_through,,False
76,sweep_shot_good_05.mov,47,0.18400494158238137,follow_through,,False
76,sweep_shot_good_05.mov,48,0.22730159464769104,follow_through,,False
76,sweep_shot_good_05.mov,49,0.2542112960261759,follow_through,,False
76,sweep_shot_good_05.mov,50,0.2781105623497189,follow_through,,False
76,sweep_shot_good_05.mov,51,0.25705411980208726,follow_through,,False
76,sweep_shot_good_05.mov,52,0.3010990266933365,follow_through,,False
76,sweep_shot_good_05.mov,53,0.269938959598134,follow_through,,False
76,sweep_shot_good_05.mov,54,0.2826835585816563,follow_through,,False
76,sweep_shot_good_05.mov,55,0.2861066169290852,follow_through,,False
76,sweep_shot_good_05.mov,56,0.26826745630269483,follow_through,,False
76,sweep_shot_good_05.mov,57,0.28207721509228517,follow_through,,False
76,sweep_shot_good_05.mov,58,0.3146829956053185,follow_through,,False
76,sweep_shot_good_05.mov,59,0.31836852246218733,follow_through,,False
76,sweep_shot_good_05.mov,59,0.31836852246218733,completed,sequence_end_to_completed,True
77,sweep_shot_good_06.mov,0,0.12678847506892713,idle,,False
77,sweep_shot_good_06.mov,1,0.1652880556083034,idle,,False
77,sweep_shot_good_06.mov,2,0.2739209965050198,idle,,False
77,sweep_shot_good_06.mov,3,0.3294416733983405,preparation,idle_to_preparation,False
77,sweep_shot_good_06.mov,4,0.36486071318251,backswing,preparation_to_backswing,False
77,sweep_shot_good_06.mov,5,0.4169762631673115,swing,backswing_to_swing,False
77,sweep_shot_good_06.mov,6,0.4650484576456927,swing,,False
77,sweep_shot_good_06.mov,7,0.44657873405891607,swing,,False
77,sweep_shot_good_06.mov,8,0.4582150105323731,swing,,False
77,sweep_shot_good_06.mov,9,0.36465529324212953,swing,,False
77,sweep_shot_good_06.mov,10,0.2987365793532276,swing,,False
77,sweep_shot_good_06.mov,11,0.24172791946900998,swing,,False
77,sweep_shot_good_06.mov,12,0.17135463431431838,follow_through,swing_to_follow_through,False
77,sweep_shot_good_06.mov,13,0.11630423102257721,follow_through,,False
77,sweep_shot_good_06.mov,14,0.1504515386323677,follow_through,,False
77,sweep_shot_good_06.mov,15,0.19530940936437155,follow_through,,False
77,sweep_shot_good_06.mov,16,0.32538414463916865,follow_through,,False
77,sweep_shot_good_06.mov,17,0.42476916005241344,follow_through,,False
77,sweep_shot_good_06.mov,18,0.5978622736874007,follow_through,,False
77,sweep_shot_good_06.mov,19,0.5963801880339508,follow_through,,False
77,sweep_shot_good_06.mov,20,0.623542782027284,follow_through,,False
77,sweep_shot_good_06.mov,21,0.6014084121997016,follow_through,,False
77,sweep_shot_good_06.mov,22,0.6822334646312087,follow_through,,False
77,sweep_shot_good_06.mov,23,0.5866284364745731,follow_through,,False
77,sweep_shot_good_06.mov,24,0.6613209907797313,follow_through,,False
77,sweep_shot_good_06.mov,25,0.6842087603984046,follow_through,,False
77,sweep_shot_good_06.mov,26,0.6732862506112732,follow_through,,False
77,sweep_shot_good_06.mov,27,0.5147452779022172,follow_through,,False
77,sweep_shot_good_06.mov,28,0.5584531209665202,follow_through,,False
77,sweep_shot_good_06.mov,29,0.49127206959040903,follow_through,,False
77,sweep_shot_good_06.mov,30,0.47864214327319377,follow_through,,False
77,sweep_shot_good_06.mov,31,0.5520611724795706,follow_through,,False
77,sweep_shot_good_06.mov,32,0.710131397591854,follow_through,,False
77,sweep_shot_good_06.mov,33,0.6469131096503626,follow_through,,False
77,sweep_shot_good_06.mov,34,0.7807128476782783,follow_through,,False
77,sweep_shot_good_06.mov,35,0.7690131314444122,follow_through,,False
77,sweep_shot_good_06.mov,36,0.6876323706218815,follow_through,,False
77,sweep_shot_good_06.mov,37,0.5940366274424003,follow_through,,False
77,sweep_shot_good_06.mov,38,0.5639564798587121,follow_through,,False
77,sweep_shot_good_06.mov,39,0.484811503000778,follow_through,,False
77,sweep_shot_good_06.mov,40,0.4200307159954865,follow_through,,False
77,sweep_shot_good_06.mov,41,0.39022703974461675,follow_through,,False
77,sweep_shot_good_06.mov,42,0.3393631074313746,follow_through,,False
77,sweep_shot_good_06.mov,43,0.3323287603887755,follow_through,,False
77,sweep_shot_good_06.mov,44,0.24786906565872427,follow_through,,False
77,sweep_shot_good_06.mov,45,0.2635574051260637,follow_through,,False
77,sweep_shot_good_06.mov,46,0.2624853477753638,follow_through,,False
77,sweep_shot_good_06.mov,47,0.3202311806102787,follow_through,,False
77,sweep_shot_good_06.mov,48,0.36557303878937747,follow_through,,False
77,sweep_shot_good_06.mov,49,0.42937108322309686,follow_through,,False
77,sweep_shot_good_06.mov,50,0.5019755429306022,follow_through,,False
77,sweep_shot_good_06.mov,51,0.49176518797951524,follow_through,,False
77,sweep_shot_good_06.mov,52,0.4785787345728152,follow_through,,False
77,sweep_shot_good_06.mov,53,0.5558918537658505,follow_through,,False
77,sweep_shot_good_06.mov,54,0.5973068125654768,follow_through,,False
77,sweep_shot_good_06.mov,55,0.5498965079176337,follow_through,,False
77,sweep_shot_good_06.mov,56,0.6277695730559851,follow_through,,False
77,sweep_shot_good_06.mov,57,0.6626772148798232,follow_through,,False
77,sweep_shot_good_06.mov,58,0.6415891396203331,follow_through,,False
77,sweep_shot_good_06.mov,59,0.6345174061375295,follow_through,,False
77,sweep_shot_good_06.mov,59,0.6345174061375295,completed,sequence_end_to_completed,True
78,sweep_shot_good_07.mov,0,0.0869684005795798,idle,,False
78,sweep_shot_good_07.mov,1,0.11071454579509277,idle,,False
78,sweep_shot_good_07.mov,2,0.1417044177303038,idle,,False
78,sweep_shot_good_07.mov,3,0.15820458205693114,idle,,False
78,sweep_shot_good_07.mov,4,0.13739200739488638,idle,,False
78,sweep_shot_good_07.mov,5,0.10688165426761188,idle,,False
78,sweep_shot_good_07.mov,6,0.1087990910515032,idle,,False
78,sweep_shot_good_07.mov,7,0.0998229047155439,idle,,False
78,sweep_shot_good_07.mov,8,0.09190552498802247,idle,,False
78,sweep_shot_good_07.mov,9,0.09296287306929805,idle,,False
78,sweep_shot_good_07.mov,10,0.08788666068641965,idle,,False
78,sweep_shot_good_07.mov,11,0.07632500045061028,idle,,False
78,sweep_shot_good_07.mov,12,0.098206080599503,idle,,False
78,sweep_shot_good_07.mov,13,0.11748772549233617,idle,,False
78,sweep_shot_good_07.mov,14,0.19224145024345743,idle,,False
78,sweep_shot_good_07.mov,15,0.24521718518779484,idle,,False
78,sweep_shot_good_07.mov,16,0.32976559845376824,preparation,idle_to_preparation,False
78,sweep_shot_good_07.mov,17,0.35382229085031736,backswing,preparation_to_backswing,False
78,sweep_shot_good_07.mov,18,0.47875120890284123,swing,backswing_to_swing,False
78,sweep_shot_good_07.mov,19,0.509978281803633,swing,,False
78,sweep_shot_good_07.mov,20,0.6234067670109249,swing,,False
78,sweep_shot_good_07.mov,21,0.6139607997972626,swing,,False
78,sweep_shot_good_07.mov,22,0.6685899791959229,swing,,False
78,sweep_shot_good_07.mov,23,0.6745999785953775,swing,,False
78,sweep_shot_good_07.mov,24,0.7504032501533884,swing,,False
78,sweep_shot_good_07.mov,25,0.744910731605435,swing,,False
78,sweep_shot_good_07.mov,26,0.855706363789529,swing,,False
78,sweep_shot_good_07.mov,27,0.9331257262461752,swing,,False
78,sweep_shot_good_07.mov,28,0.8876723999914555,swing,,False
78,sweep_shot_good_07.mov,29,0.7668344163297975,swing,,False
78,sweep_shot_good_07.mov,30,0.7332008352288016,swing,,False
78,sweep_shot_good_07.mov,31,0.6080160027914131,swing,,False
78,sweep_shot_good_07.mov,32,0.5352675201609493,swing,,False
78,sweep_shot_good_07.mov,33,0.47697691579190404,swing,,False
78,sweep_shot_good_07.mov,34,0.49845795826928724,swing,,False
78,sweep_shot_good_07.mov,35,0.4548760894356678,swing,,False
78,sweep_shot_good_07.mov,36,0.44027545961335157,swing,,False
78,sweep_shot_good_07.mov,37,0.4119813779084331,swing,,False
78,sweep_shot_good_07.mov,38,0.44092443604539555,swing,,False
78,sweep_shot_good_07.mov,39,0.44058154122743143,swing,,False
78,sweep_shot_good_07.mov,40,0.3917283819364603,swing,,False
78,sweep_shot_good_07.mov,41,0.43206684970271764,swing,,False
78,sweep_shot_good_07.mov,42,0.442281877544518,swing,,False
78,sweep_shot_good_07.mov,43,0.4600649569349041,swing,,False
78,sweep_shot_good_07.mov,44,0.46414841704121607,swing,,False
78,sweep_shot_good_07.mov,45,0.6157822612593992,swing,,False
78,sweep_shot_good_07.mov,46,0.5839262670694023,swing,,False
78,sweep_shot_good_07.mov,47,0.5601716700672701,swing,,False
78,sweep_shot_good_07.mov,48,0.5060560508609855,swing,,False
78,sweep_shot_good_07.mov,49,0.465457855859054,swing,,False
78,sweep_shot_good_07.mov,50,0.3472093667963973,swing,,False
78,sweep_shot_good_07.mov,51,0.3467741375927908,swing,,False
78,sweep_shot_good_07.mov,52,0.32601457337318557,swing,,False
78,sweep_shot_good_07.mov,53,0.3627566856804786,swing,,False
78,sweep_shot_good_07.mov,54,0.3687357339900074,swing,,False
78,sweep_shot_good_07.mov,55,0.3382205163750527,swing,,False
78,sweep_shot_good_07.mov,56,0.2979617868879442,swing,,False
78,sweep_shot_good_07.mov,57,0.267581132746268,swing,,False
78,sweep_shot_good_07.mov,58,0.21744673394076247,swing,,False
78,sweep_shot_good_07.mov,59,0.1819599046720966,swing,,False
78,sweep_shot_good_07.mov,59,0.1819599046720966,completed,sequence_end_to_completed,True
79,sweep_shot_good_08.mov,0,0.04851536148336155,idle,,False
79,sweep_shot_good_08.mov,1,0.06332398839625625,idle,,False
79,sweep_shot_good_08.mov,2,0.08570108709697861,idle,,False
79,sweep_shot_good_08.mov,3,0.1116988539324826,idle,,False
79,sweep_shot_good_08.mov,4,0.1024597881301355,idle,,False
79,sweep_shot_good_08.mov,5,0.12681590785161465,idle,,False
79,sweep_shot_good_08.mov,6,0.13269022153031326,idle,,False
79,sweep_shot_good_08.mov,7,0.12589527100370562,idle,,False
79,sweep_shot_good_08.mov,8,0.12449364677600368,idle,,False
79,sweep_shot_good_08.mov,9,0.11973633144231442,idle,,False
79,sweep_shot_good_08.mov,10,0.09517928010308112,idle,,False
79,sweep_shot_good_08.mov,11,0.09255596434843578,idle,,False
79,sweep_shot_good_08.mov,12,0.09370428408356443,idle,,False
79,sweep_shot_good_08.mov,13,0.08982437911099353,idle,,False
79,sweep_shot_good_08.mov,14,0.09845529289093252,idle,,False
79,sweep_shot_good_08.mov,15,0.08948640405086636,idle,,False
79,sweep_shot_good_08.mov,16,0.08853535606821743,idle,,False
79,sweep_shot_good_08.mov,17,0.08405886257689851,idle,,False
79,sweep_shot_good_08.mov,18,0.10816796769110681,idle,,False
79,sweep_shot_good_08.mov,19,0.11719640279025913,idle,,False
79,sweep_shot_good_08.mov,20,0.14326450596685247,idle,,False
79,sweep_shot_good_08.mov,21,0.22462117934401582,idle,,False
79,sweep_shot_good_08.mov,22,0.2727094035150844,idle,,False
79,sweep_shot_good_08.mov,23,0.3176723236899746,preparation,idle_to_preparation,False
79,sweep_shot_good_08.mov,24,0.36664827068461936,backswing,preparation_to_backswing,False
79,sweep_shot_good_08.mov,25,0.394823755330445,swing,backswing_to_swing,False
79,sweep_shot_good_08.mov,26,0.3562302086986752,swing,,False
79,sweep_shot_good_08.mov,27,0.4373783769911675,swing,,False
79,sweep_shot_good_08.mov,28,0.5099452803108717,swing,,False
79,sweep_shot_good_08.mov,29,0.6009881697393118,swing,,False
79,sweep_shot_good_08.mov,30,0.6998001674472849,swing,,False
79,sweep_shot_good_08.mov,31,0.7390441963458483,swing,,False
79,sweep_shot_good_08.mov,32,0.6673008414435381,swing,,False
79,sweep_shot_good_08.mov,33,0.6000153763230057,swing,,False
79,sweep_shot_good_08.mov,34,0.49880146760229455,swing,,False
79,sweep_shot_good_08.mov,35,0.5244995535794189,swing,,False
79,sweep_shot_good_08.mov,36,0.6253838210811631,swing,,False
79,sweep_shot_good_08.mov,37,0.6398595807449378,swing,,False
79,sweep_shot_good_08.mov,38,0.7447898796214363,swing,,False
79,sweep_shot_good_08.mov,39,0.8792105523349978,swing,,False
79,sweep_shot_good_08.mov,40,0.835303785658209,swing,,False
79,sweep_shot_good_08.mov,41,0.833261287183768,swing,,False
79,sweep_shot_good_08.mov,42,0.847092737868656,swing,,False
79,sweep_shot_good_08.mov,43,0.7250937974391691,swing,,False
79,sweep_shot_good_08.mov,44,0.6262507495043651,swing,,False
79,sweep_shot_good_08.mov,45,0.6538562204502539,swing,,False
79,sweep_shot_good_08.mov,46,0.5007293943440972,swing,,False
79,sweep_shot_good_08.mov,47,0.4739393183499214,swing,,False
79,sweep_shot_good_08.mov,48,0.4940641442817834,swing,,False
79,sweep_shot_good_08.mov,49,0.4280877734497922,swing,,False
79,sweep_shot_good_08.mov,50,0.35526934062132765,swing,,False
79,sweep_shot_good_08.mov,51,0.3373071310869392,swing,,False
79,sweep_shot_good_08.mov,52,0.33597703712359933,swing,,False
79,sweep_shot_good_08.mov,53,0.2895745921435525,swing,,False
79,sweep_shot_good_08.mov,54,0.3082393404371238,swing,,False
79,sweep_shot_good_08.mov,55,0.2217146352542374,swing,,False
79,sweep_shot_good_08.mov,56,0.211961387185446,swing,,False
79,sweep_shot_good_08.mov,57,0.16295418475936577,follow_through,swing_to_follow_through,False
79,sweep_shot_good_08.mov,58,0.1321575941812797,follow_through,,False
79,sweep_shot_good_08.mov,59,0.09923911459874574,follow_through,,False
79,sweep_shot_good_08.mov,59,0.09923911459874574,completed,sequence_end_to_completed,True
